Comm_ID	Humus_form
41	Moist mull
47	Moist mull
57	polytroph mud
58	eutroph mud
68	Transition bog peat
72	oligotroph mud
97	Moist mull
99	Moist mull
106	Moist mull
117	Moist mull
140	polytroph mud
140	eutroph mud
153	mesotroph mud
153	eutroph mud
155	eutroph mud
160	Moist mull
161	Transition bog peat
164	mesotroph mud
164	eutroph mud
165	polytroph mud
165	Moist mull
165	eutroph mud
176	Moist moder
177	Moist moder
178	Transition bog peat
178	Moist moder
2010	Moist raw humus
2010	Moder
2010	Moist moder
2010	Mull
2011	Moder
2011	Mull-like moder
2012	Mull
2012	Moist moder
2013	Mull-like moder
2013	Moist moder
2013	Mull
2014	Moder
2014	Raw humus-like moder
2014	Mull
2014	Mull-like moder
2015	Raw humus-like moder
2015	Moder
2016	Raw humus-like moder
2016	Moder
2017	Raw humus-like moder
2017	Moder
2018	Raw humus-like moder
2018	Moder
2019	Raw humus-like moder
2019	Mull-like moder
2019	Moist moder
2019	Moder
2020	Anmoor
2020	Moder
2020	Raw humus-like moder
2020	Mull-like moder
2021	Raw humus-like moder
2021	Moder
2022	Raw humus-like moder
2022	Moder
2023	Raw humus-like moder
2023	Moder
2024	Raw humus-like moder
2024	Moder
2025	Moder
2025	Raw humus-like moder
2026	Raw humus-like moder
2026	Moder
2027	Mull-like moder
2027	Mull
2027	Moder
2028	Mull-like moder
2028	Moder
2029	Mull
2029	Tangel
2030	Moder
2030	Mull
2030	Mull-like moder
2031	Mull-like moder
2031	Mull
2032	Moder
2032	Mull
2032	Mull-like moder
2033	Moder
2034	Raw humus-like moder
2035	Raw humus-like moder
2035	Raw humus
2036	Raw humus-like moder
2036	Raw humus
2037	Moder
2037	Mull-like moder
2038	Raw humus-like moder
2039	Raw humus-like moder
2040	Raw humus-like moder
2040	Raw humus
2041	Mull
2041	Mull-like moder
2042	Mull-like moder
2042	Mull
2043	Raw humus-like moder
2044	Raised bog peat
2044	Moist raw humus
2045	Raw humus-like moder
2046	Moist raw humus
2047	Raw humus
2047	Moist raw humus
2048	Raw humus-like moder
2048	Raw humus
2049	Moist moder
2049	Mull
2050	Mull-like moder
2050	Moist moder
2051	Mull
2051	Moist moder
2052	Moist moder
2052	Moist raw humus
2053	Low-moor peat
2053	Anmoor
2054	Anmoor
2054	Mull-like moder
2054	Mull
2055	Moist moder
2055	Mull
2055	Mull-like moder
2056	Moder
2056	Moist moder
2056	Mull-like moder
2057	Moder
2057	Mull
2057	Mull-like moder
2058	Raised bog peat
2059	Raised bog peat
2060	Mull
2060	Moist moder
2061	Moder
2061	Mull-like moder
2061	Mull
2062	Mull
2062	Mull-like moder
2063	Anmoor
2063	Mull-like moder
2064	Raw humus-like moder
2064	Raw humus
2065	Raw humus-like moder
2065	Raw humus
2066	Moder
2066	Moist moder
2066	Raw humus-like moder
2067	Anmoor
2067	Mull
2068	Tangel
2069	Raw humus-like moder
2070	Mull
2070	Mull-like moder
2071	Mull-like moder
2071	Moder
2072	Raw humus-like moder
2073	Mull-like moder
2073	Moder
2074	Moder
2074	Mull-like moder
2075	Mull-like moder
2075	Moder
2076	Moder
2076	Mull-like moder
2077	Mull
2077	Mull-like moder
2077	Moder
2078	Moder
2078	Moist moder
2078	Mull
2078	Mull-like moder
2079	Raw humus-like moder
2079	Moder
2081	Mull
2081	Moder
2081	Mull-like moder
2081	Raw humus-like moder
2083	Mull-like moder
2083	Mull
2083	Moder
2084	Moder
2084	Mull-like moder
2085	Mull
2085	Mull-like moder
2086	Mull-like moder
2086	Mull
2087	Mull
2088	moder
2089	moder
2090	Transition bog peat
2090	Moist raw humus
2091	Eutric Histosols
2092	Eutric Histosols
2093	Eutric Histosols
2094	moder
2095	mull
2096	mull
2097	mull
2098	mull
2099	mull
2100	Moder
2100	Mull-like moder
2100	Mull
2100	Moist moder
2101	Anmoor
2102	moder
2102	Mull-like moder
2103	Mull-like moder
2103	moder
2104	mull
2105	mull
2106	mull
2107	moder
2107	Raw humus-like moder
2107	Raw humus
2108	moder
2109	Raw humus
2109	Raw humus-like moder
2110	Moist raw humus
2110	Raw humus
2110	Anmoor
2111	Moder
2111	Mull-like moder
2112	Mull-like moder
2112	Moder
2120	Moder
2120	Raw humus-like moder
2121	Moder
2121	Raw humus-like moder
2122	Moder
2122	Raw humus-like moder
2124	Moder
2124	Raw humus-like moder
2130	Raw humus-like moder
2131	Raw humus-like moder
2132	Raw humus-like moder
2133	Raw humus
2133	Raw humus-like moder
2134	Raw humus-like moder
2140	Raw humus
2140	Raw humus-like moder
2150	Raw humus
2150	
2151	Raw humus
2151	
2151	Raw humus-like moder
2152	Raw humus-like moder
2153	Moder
2154	Mull-like moder
2154	Moder
2155	Raw humus-like moder
2155	Raw humus
2156	Raw humus-like moder
2156	Raw humus
2160	Raw humus
2160	Raw humus-like moder
2170	Moist raw humus
2180	Raised bog peat
2190	Raised bog peat
2191	Moist raw humus
2192	Transition bog peat
2193	Low-moor eutric peat
2201	Raw humus-like moder
2201	Moist raw humus
2202	Moist raw humus
2203	Moist moder
2210	Moist moder
2210	Transition bog peat
2210	Raw humus-like moder
2211	Raw humus-like moder
2212	Raw humus-like moder
2230	Raw humus-like moder
2241	Mull-like moder
2241	Mull
2242	Mull
2242	Mull-like moder
2243	Mull
2243	Mull-like moder
2244	Mull-like moder
2244	Mull
2245	Moder
2246	Moist moder
2250	Mull-like moder
2250	Moist moder
2250	Moder
2260	Mull
2260	Mull-like moder
2261	Moder
2261	Mull
2261	Mull-like moder
2270	Mull-like moder
2270	Mull
2271	Mull-like moder
2271	Moder
2271	Mull
2273	Mull-like moder
2273	Mull
2274	Mull-like moder
2274	Mull
2280	Mull
2280	Mull-like moder
2280	Moder
2289	Moist mull
2290	Anmoor
2291	Mull-like moder
2291	Anmoor
2292	Moder
2292	Mull-like moder
2293	Moder
2293	Mull-like moder
2301	Moder
2302	Moder
2302	Mull
2302	Mull-like moder
2303	Mull-like moder
2303	Moder
2304	Mull-like moder
2304	Moder
2305	Moder
2306	Raw humus
2306	Raw humus-like moder
2307	Mull
2308	Moder
2309	Mull
2310	Moder
2311	Moder
2311	Raw humus-like moder
2312	Mull
2312	Moder
2312	Mull-like moder
2313	Moder
2313	Mull-like moder
2314	Mull
2315	Mull
2316	Mull
2317	Mull-like moder
2318	Mull
2319	Mull
2320	Raw humus-like moder
2320	Moder
2320	Raw humus
2321	Mull
2322	Mull
2323	Mull
2330	Raw humus-like moder
2340	Raw humus-like moder
2340	Raw humus
2350	Raw humus
2350	Raw humus-like moder
2360	Moder
2370	Mull
2370	Mull-like moder
2370	Moder
2380	Mull
2380	Mull-like moder
2381	Mull-like moder
2381	moder
2382	Mull-like moder
2382	mull
2383	Raw humus
2384	Raw humus-like moder
2385	moder
2386	mull
2386	Mull-like moder
2387	mull
2388	Moist mull
2399	Anmoor
2399	Raw humus-like moder
2400	Raw humus-like moder
2401	Raw humus-like moder
2402	Mull
2402	Mull-like moder
2402	Moder
2403	Mull-like moder
2403	Mull
2403	Moder
2404	Moder
2404	Mull-like moder
2404	Mull
2405	Mull-like moder
2405	Mull
2406	Mull-like moder
2406	Tangel
2406	Moder
2407	Mull
2407	Moist moder
2408	Tangel
2409	Raised bog peat
2409	Moist raw humus
2410	Raised bog peat
2410	Moist raw humus
2412	Raw humus
2412	Raw humus-like moder
2413	Tangel
2414	Tangel
2414	Moder
2415	Moder
2415	Mull-like moder
2416	Moist raw humus
2416	Raw humus-like moder
2417	Raw humus-like moder
2417	Moist raw humus
2418	Raw humus-like moder
2418	Raw humus
2419	Raw humus
2419	Raw humus-like moder
2420	Moder
2421	Moder
2422	Tangel
2422	Moder
2423	Tangel
2423	Raw humus-like moder
2424	Tangel
2424	Moder
2425	Raw humus-like moder
2425	Tangel
2426	Raw humus
2426	Raw humus-like moder
2427	Raw humus-like moder
2427	Tangel
2428	Mull
2428	Mull-like moder
2429	Tangel
2430	Raw humus-like moder
2430	Moder
2431	Mull
2431	Mull-like moder
2432	Moder
2432	Mull-like moder
2433	Mull
2433	Mull-like moder
2434	Mull
2434	Mull-like moder
2435	Mull-like moder
2435	Mull
2436	Mull
2436	Mull-like moder
2437	Moder
2437	Mull-like moder
2437	Mull
2438	Moder
2439	Moder
2439	Tangel
2440	Tangel
2440	Moder
2441	Tangel
2441	Moder
2442	Moder
2442	Tangel
2444	Tangel
2444	Moder
2445	Mull-like moder
2445	Moder
2445	Mull
2446	Mull-like moder
2446	Moder
2461	Mull-like moder
2461	Moder
2462	Moder
2462	Mull-like moder
2464	Mull-like moder
2464	Moder
2465	Mull
2465	Mull-like moder
2465	Moder
2470	Moder
2470	Mull-like moder
2471	Moder
2471	Mull-like moder
2473	Moder
2473	Mull-like moder
2474	Moder
2474	Raw humus-like moder
2474	Mull-like moder
2475	Moder
2475	Mull-like moder
2475	Raw humus-like moder
2477	Raw humus-like moder
2477	Mull-like moder
2477	Moder
2478	Moder
2501	Raw humus-like moder
2501	Raw humus
2502	Raw humus
2502	Raw humus-like moder
2502	Moder
2510	Moder
2510	Raw humus-like moder
2511	Raw humus
2511	Raw humus-like moder
2512	Raw humus-like moder
2513	Raw humus-like moder
2514	Mull-like moder
2515	Mull-like moder
2515	Mull
2516	Mull
2517	Mull
2518	Mull
2519	Mull
2520	Mull-like moder
2521	Mull-like moder
2522	Mull-like moder
2522	Mull
2523	Mull
2524	Mull-like moder
2525	Mull-like moder
2526	Mull-like moder
2527	Mull-like moder
2528	Mull-like moder
2529	Mull-like moder
2530	Mull-like moder
2531	Mull-like moder
2532	Mull-like moder
2533	Mull-like moder
2534	Mull-like moder
2535	Mull-like moder
2536	Mull-like moder
2537	Mull-like moder
2538	Mull
2539	Mull
2540	Mull-like moder
2540	Raw humus-like moder
2540	Moder
2541	Raw humus-like moder
2542	Mull-like moder
2543	Mull-like moder
2543	Moder
2544	Raw humus-like moder
2545	Raw humus-like moder
2546	Mull-like moder
2547	Mull-like moder
2547	Mull
2548	Mull-like moder
2549	Mull-like moder
2549	Mull
2550	Mull-like moder
2551	Mull
2552	Mull
2553	Mull
2554	Mull
2555	Moder
2555	Mull-like moder
2556	Mull
2557	Mull
2558	Mull
2559	Mull
2559	Moder
2560	Moder
2560	Raw humus-like moder
2561	moder
2562	moder
2563	moder
2564	moder
2565	moder
2566	Mull
2567	Mull
2568	Mull
2570	Mull
2571	moder
2572	moder
2573	moder
2574	moder
2575	moder
2576	moder
2577	moder
2578	moder
2579	moder
2580	moder
2581	moder
2582	mull
2582	tangel
2583	mull
2583	tangel
2584	mesotrophic peat
2585	mesotrophic peat
2586	eutrophic peat
2587	oligotrophic peat peat
2588	moder
2591	mull
2591	moder
2592	mull
2593	moder
2594	mor
2594	moder
2595	Raw humus
2595	Raw humus-like moder
2596	moder
2597	Moist mull
2598	mull
2599	mull
2601	Moder
2601	Mull-like moder
2602	Moder
2602	Mull-like moder
2603	Moder
2603	Mull-like moder
2604	Mull-like moder
2604	Moder
2605	Moder
2606	Mull-like moder
2606	Moder
2607	Mull-like moder
2607	Moder
2608	Moder
2608	Mull-like moder
2609	Mull
2609	Mull-like moder
2610	Mull-like moder
2610	Mull
2611	mull
2612	mull
2613	Mull-like moder
2613	Moder
2613	Mull
2614	Moder
2614	Mull-like moder
2614	Mull
2615	Mull
2615	Mull-like moder
2615	Moder
2616	Mull-like moder
2616	Moder
2617	Mull
2617	Mull-like moder
2618	Mull-like moder
2618	Mull
2618	Moder
2619	Mull-like moder
2619	Mull
2620	Moder
2620	Mull-like moder
2621	Mull-like moder
2621	Moder
2622	Raw humus-like moder
2622	Moder
2622	Raw humus
2623	Mull-like moder
2623	Raw humus-like moder
2623	Moder
2624	Mull-like moder
2624	Moder
2625	Moder
2625	Mull-like moder
2626	Mull-like moder
2626	Moder
2627	Mull-like moder
2627	Moder
2628	Moder
2629	Moder
2629	Mull
2629	Mull-like moder
2630	Moder
2630	Mull
2630	Mull-like moder
2631	Mull-like moder
2631	Moder
2632	Mull-like moder
2632	Moder
2633	Moder
2634	Mull-like moder
2634	Mull
2634	Moder
2635	Mull-like moder
2635	Moder
2635	Mull
2636	Moder
2637	Raw humus-like moder
2637	Raw humus
2638	Raw humus
2638	Raw humus-like moder
2640	Raw humus-like moder
2640	Raw humus
2641	Moder
2641	Raw humus-like moder
2642	Moder
2643	Raw humus-like moder
2643	Moder
2644	Mull
2644	Moist moder
2645	Mull-like moder
2645	Moder
2645	Mull
2646	Moder
2647	Mull
2647	Moder
2647	Mull-like moder
2648	Moist mull
2649	Moist moder
2649	Anmoor
2650	Moder
2650	Mull-like moder
2650	Mull
2651	Mull
2651	Moder
2651	Mull-like moder
2652	Moder
2652	Mull-like moder
2653	Mull-like moder
2653	Moder
2654	Mull-like moder
2654	Moder
2654	Mull
2656	Moder
2656	Mull-like moder
2656	Mull
2657	Moder
2657	Mull-like moder
2659	Moder
2660	Moder
2660	Mull-like moder
2661	Moder
2661	Mull-like moder
2662	Mull-like moder
2663	Raw humus
2664	Moder
2664	Mull-like moder
2665	Tangel
2665	Moder
2666	Moder
2666	Mull-like moder
2667	Raw humus-like moder
2667	Moder
2669	Moder
2669	Mull-like moder
2670	Tangel
2670	Moder
2671	Tangel
2672	Tangel
2673	Tangel
2673	Moder
2674	Moist moder
2675	Tangel
2675	Moder
2676	Raw humus-like moder
2676	Moder
2677	Tangel
2677	Moder
2678	Moder
2679	Raw humus-like moder
2679	Raw humus
2680	Mull
2680	Mull-like moder
2681	Raw humus-like moder
2681	Raw humus
2682	Moder
2683	Moder
2684	mull
2686	mull
2687	mull
2687	Mull-like moder
2688	mull
2689	Raw humus-like moder
2689	moder
2690	moder
2691	mull
2692	mull
2692	Mull-like moder
2693	mull
2694	Mull-like moder
2694	mull
2695	Mull-like moder
2695	mull
2695	Moist mull
2696	mull
2697	Moist mull
2697	mull
2698	mull
2699	mull
2700	Moder
2700	Mull-like moder
2700	Mull
2701	Moder
2701	Mull-like moder
2702	Moder
2702	Mull-like moder
2703	Mull-like moder
2703	Moder
2703	Mull
2704	Mull-like moder
2704	Moder
2705	Mull-like moder
2705	Mull
2705	Moder
2706	Mull
2706	Mull-like moder
2706	Moder
2707	Moder
2707	Mull-like moder
2708	Mull-like moder
2708	Moder
2709	Mull-like moder
2709	Moder
2710	Mull-like moder
2710	Mull
2710	Moder
2711	Moder
2711	Mull-like moder
2712	Moder
2712	Mull-like moder
2712	Mull
2713	Moder
2713	Mull-like moder
2713	Mull
2714	Mull-like moder
2714	Moder
2714	Mull
2715	Moder
2715	Mull-like moder
2716	Moder
2716	Mull
2716	Mull-like moder
2717	Moder
2717	Mull
2717	Mull-like moder
2718	Moder
2718	Moist moder
2719	Moder
2719	Moist moder
2720	Moist moder
2720	Moder
2721	Moder
2721	Raw humus-like moder
2722	Moder
2723	Mull-like moder
2723	Moder
2724	Mull-like moder
2724	Mull
2725	Moder
2725	Mull-like moder
2726	Mull
2726	Mull-like moder
2727	Moder
2727	Mull
2727	Mull-like moder
2728	Mull-like moder
2728	Mull
2728	Moder
2729	Moder
2729	Mull
2729	Mull-like moder
2730	Mull-like moder
2730	Moder
2731	Moder
2731	Mull-like moder
2732	Moder
2733	Mull
2733	Mull-like moder
2733	Moder
2734	Moder
2734	Mull
2734	Mull-like moder
2735	Mull
2735	Mull-like moder
2735	Anmoor
2736	Moder
2736	Mull
2736	Mull-like moder
2737	Moist moder
2737	Mull
2737	Moder
2737	Mull-like moder
2738	Moder
2738	Mull-like moder
2739	Mull-like moder
2739	Moder
2740	Mull-like moder
2740	Moder
2741	Moder
2741	Mull-like moder
2742	Moder
2742	Mull-like moder
2743	Moder
2743	Mull-like moder
2744	Mull-like moder
2744	Moder
2745	Moder
2745	Mull-like moder
2746	Raw humus-like moder
2746	Moder
2746	Tangel
2747	Mull
2747	Moder
2747	Mull-like moder
2748	Moder
2748	Mull-like moder
2749	Raw humus
2749	Raw humus-like moder
2750	Mull
2750	Mull-like moder
2750	Moder
2751	Moder
2752	Moder
2753	Moder
2753	Mull-like moder
2754	Mull-like moder
2754	Moder
2754	Mull
2755	Raw humus-like moder
2755	Moder
2756	Moder
2757	Mull-like moder
2757	Moder
2757	Mull
2758	Moder
2759	Tangel
2759	Moder
2759	Mull-like moder
2760	Mull-like moder
2760	Tangel
2760	Moder
2761	Moder
2761	Tangel
2762	Moder
2762	Tangel
2762	Raw humus-like moder
2763	Raw humus-like moder
2763	Moder
2764	Tangel
2764	Raw humus
2765	Moder
2765	Raw humus
2765	Raw humus-like moder
2766	Mull-like moder
2766	mull
2767	mull
2768	Moist moder
2769	Moist mull
2770	Moist mull
2771	Moist mull
2771	Moist mull
2772	mull
2773	mull
2774	mull
2775	mull
2776	mull
2777	mull
2778	mull
2779	mull
2780	Mull-like moder
2781	Mull-like moder
2801	Moist moder
2802	Mull-like moder
2802	Moist moder
2803	Mull-like moder
2803	Moder
2804	Moder
2804	Transition bog peat
2804	Moist raw humus
2805	Anmoor
2805	Transition bog peat
2805	Moist moder
2806	Anmoor
2806	Mull
2807	Low-moor peat
2807	Mull
2808	Moist mull
2808	Mull
2809	Mull-like moder
2809	Moder
2810	Mull-like moder
2810	Moder
2811	Moder
2811	Mull-like moder
2812	Moder
2812	Mull-like moder
2813	Moder
2813	Mull-like moder
2814	Mull
2814	Mull-like moder
2815	Mull-like moder
2815	Moder
2816	Moder
2816	Mull-like moder
2816	Mull
2817	Moder
2817	Mull-like moder
2818	Mull
2818	Low-moor peat
2819	Mull
2819	Mull-like moder
2820	Mull
2820	Mull-like moder
2821	Moist moder
2821	Transition bog peat
2822	Mull
2822	Moder
2822	Mull-like moder
2823	Raw humus
2824	Low-moor peat
2824	Moist mull
2824	Anmoor
2825	Moist moder
2826	Raw humus-like moder
2826	Raw humus
2827	Mull
2828	Raw humus
2828	Raw humus-like moder
2829	Raw humus-like moder
2829	Raw humus
2830	Moist moder
2830	Moist mull
2831	Moist mull
3001	Mull
3002	Mull-like moder
3002	Moder
3003	Mull
3004	Mull
3005	Moder
3005	Mull-like moder
3006	Mull
3007	Mull
3008	Mull
3009	Tangel
3010	Tangel
3011	Mull
3011	Mull-like moder
3012	Mull
3013	Mull
3014	Tangel
3024	mull
3081	Mull
3081	Mull-like moder
3082	Mull-like moder
3082	Mull
3082	Moder
3083	Mull
3083	Mull-like moder
3083	Moder
3084	Moder
3084	Mull-like moder
3084	Mull
3110	Moder
3110	Mull-like moder
3110	Mull
3111	Mull
3114	Mull
3114	Mull-like moder
3115	Mull
3115	Mull-like moder
3120	Mull-like moder
3121	Moist moder
3130	Mull-like moder
3130	Mull
3140	Moder
3141	Moder
3142	moder
3142	moder
3150	Mull
3150	Mull-like moder
3171	Moder
3171	Raw humus-like moder
3172	Moder
3172	Raw humus-like moder
3173	Mull
3174	Mull-like moder
3174	Mull
3175	Raw humus-like moder
3175	Moder
3200	Mull-like moder
3200	Mull
3201	Transition bog peat
3261	Transition bog peat
3261	Moist mull
3261	Anmoor
3262	Moist mull
3262	Anmoor
3310	Moder
3311	Mull
3370	Moder
3370	Mull-like moder
3371	Mull-like moder
3371	Moder
3391	Transition bog peat
3391	Moist raw humus
3392	Moist raw humus
3392	Transition bog peat
3440	Mull
3440	Mull-like moder
3480	Mull-like moder
3480	Moder
3480	Moist moder
3481	Moder
3481	Moist moder
3481	Mull-like moder
3501	Raw humus-like moder
3501	Moder
3502	Raw humus-like moder
3502	Moder
3503	Moder
3540	Mull-like moder
3540	Mull
3541	Mull-like moder
3541	Mull
3542	Mull
3542	Mull-like moder
3543	Mull-like moder
3543	Mull
3544	Mull-like moder
3544	Mull
3601	Anmoor
3601	Moist mull
3602	Anmoor
3602	Moist mull
3603	Transition bog peat
3603	Moist mull
3607	Moder
3608	Transition bog peat
3608	Moist mull
3609	Moist mull
3610	Mull
3610	Mull-like moder
3611	Mull-like moder
3611	Mull
3612	Moder
3612	Raw humus-like moder
3613	Moder
3613	Tangel
3911	Mull-like moder
3911	Mull
3911	Moist moder
3912	Mull-like moder
3912	Mull
4000	Mull
4000	Mull-like moder
4021	Moder
4021	Raw humus-like moder
4040	Mull
4040	Mull-like moder
4041	Raw humus-like moder
4042	Raw humus-like moder
4043	Moder
4044	Raw humus-like moder
4151	Raw humus-like moder
4151	Moder
4201	Mull
4201	Mull-like moder
4202	Mull
4202	Mull-like moder
4203	Mull
4203	Mull-like moder
4214	Tangel
4215	Tangel
4216	Mull-like moder
4216	Mull
4217	Mull-like moder
4217	Mull
4218	Moder
4290	Mull-like moder
4290	Mull
4501	Moder
4502	Moder
4730	Raw humus-like moder
4730	Moist raw humus
4731	Raw humus-like moder
4731	Moist raw humus
4732	Moist raw humus
4732	Raw humus-like moder
4733	Low-moor peat
4734	mull
4734	moder
4750	Transition bog peat
4750	Moist mull
4771	Raw humus-like moder
4772	Raw humus-like moder
4773	Raw humus-like moder
4774	Raw humus-like moder
4774	Moist raw humus
4775	Raw humus-like moder
4778	Raised bog peat
4778	Moist raw humus
4779	Moist raw humus
4779	Raw humus-like moder
4780	Raw humus
4781	Raw humus-like moder
4781	Moder
4800	Mull
4800	Mull-like moder
4801	Moder
4801	Mull-like moder
4803	Raw humus-like moder
4803	Moder
4880	Mull
4880	Mull-like moder
4920	Mull
4920	Mull-like moder
4920	Moder
4921	Moist mull
4921	Mull
4921	Low-moor peat
4922	Low-moor peat
4922	Moist mull
4922	Mull
4923	eutroph mud
4923	polytroph mud
4924	eutroph mud
4924	polytroph mud
4925	oligotroph mud
4925	polytroph mud
4926	Moist mull
4926	mull
4927	mull
4928	mull
4928	nearly free
4929	nearly free
4930	Mull-like moder
4933	mull
4934	Mull-like moder
4934	Moder
4935	Mull
4937	Mull
4938	Mull
4939	Mull
4940	Moder
4940	Mull-like moder
4941	Mull
4942	Mull
4942	Mull-like moder
4943	Mull
4944	Mull
4945	Mull
4946	Mull
4947	Mull-like moder
4947	Mull
4948	Mull
4949	Mull
4950	Mull-like moder
4950	Mull
4951	Mull-like moder
4951	Mull
4952	Mull
4952	Mull-like moder
4953	Mull
4954	Mull-like moder
4954	Mull
4955	Mull-like moder
4956	Mull
4956	Mull-like moder
4957	Mull-like moder
4957	Mull
4958	Raw humus-like moder
4958	Moder
4959	Moder
4959	Raw humus-like moder
4960	Raw humus-like moder
4960	Moder
4961	Moder
4961	Mull-like moder
4961	Raw humus-like moder
4962	Moist moder
4963	Raw humus-like moder
4963	Moder
4964	Raw humus
4964	Raw humus-like moder
4965	Moder
4965	Raw humus
4966	Raw humus
4967	Moder
4968	Raw humus
4968	Raw humus-like moder
4969	nearly free
4970	nearly free
4971	mull
4972	nearly free
4972	Moist mull
4973	nearly free
4973	mull
4974	Moist mull
4975	nearly free
4976	Mull-like moder
4976	mull
4977	mull
4977	Mull-like moder
4977	Moist mull
4978	mull
4978	Mull-like moder
4978	Moist mull
4979	mull
4979	Moist mull
4980	Moist mull
4980	mull
4981	mull
4981	Moist mull
4982	mull
4982	Moist mull
4983	mull
4983	Moist mull
4984	Moist mull
4984	mull
4985	mull
4986	mull
4986	Moist mull
4987	Moist mull
4987	mull
4988	mull
4989	mull
4990	mull
5000	Mull
5001	Raw humus-like moder
5001	Moist raw humus
5002	Mull
5004	Mull
5005	Mull-like moder
5005	Mull
5006	Moder
5007	Raised bog peat
5008	Moder
5008	Mull
5008	Mull-like moder
5009	Mull-like moder
5010	Mull-like moder
5010	Moder
5011	Moder
5011	Mull
5011	Mull-like moder
5012	Transition bog peat
5012	Moist raw humus
5012	Anmoor
5013	Moist raw humus
5013	Transition bog peat
5013	Raw humus-like moder
5014	Moder
5014	Mull-like moder
5015	Mull-like moder
5016	Mull-like moder
5016	Mull
5017	Mull
5018	Moder
5018	Mull-like moder
5019	Mull
5020	Mull
5021	Raw humus-like moder
5021	Moder
5022	Mull-like moder
5023	Mull
5024	Moist mull
5024	Transition bog peat
5025	oligotrophic peat 
5026	Mull
5027	Transition bog peat
5027	Moder
5027	Moist moder
5028	Moist raw humus
5028	Raised bog peat
5029	Raised bog peat
5029	Moist raw humus
5030	Mull-like moder
5030	Moist moder
5031	Moder
5031	Mull-like moder
5032	Moder
5032	Transition bog peat
5032	Moist moder
5033	Moder
5033	Mull-like moder
5033	Moist moder
5034	Mull
5034	Moder
5035	Raw humus
5035	Raw humus-like moder
5035	Moder
5036	Moder
5036	Raw humus
5036	Raw humus-like moder
5037	Raw humus
5037	Raw humus-like moder
5038	Mull-like moder
5038	Mull
5038	Moder
5039	Moder
5040	Moder
5041	Moder
5041	Mull-like moder
5042	Mull
5043	Mull
5044	Mull
5045	Tangel
5046	Tangel
5046	Mull-like moder
5047	Tangel
5047	Mull-like moder
5048	Raw humus-like moder
5049	Raw humus-like moder
5049	Moder
5050	Moder
5050	Raw humus-like moder
5051	Moder
5051	Mull-like moder
5052	Moder
5052	Mull-like moder
5053	Mull-like moder
5054	Moder
5054	Mull-like moder
5055	Mull
5056	Mull
5057	Moder
5058	Raw humus
5058	Raw humus-like moder
5059	Mull-like moder
5059	Mull
5060	Moist raw humus
5060	Raised bog peat
5061	Moist mull
5061	Transition bog peat
5061	Moist moder
5062	Tangel
5063	Raw humus
5064	Raw humus
5065	Transition bog peat
5065	Moist moder
5065	Moist raw humus
5065	Moder
5066	Tangel
5068	Moder
5068	Raw humus-like moder
5069	Moder
5069	Mull
5069	Mull-like moder
5070	mull
5071	mull
5072	mull
5073	mull
5100	Mull-like moder
5100	Mull
5101	Moder
5102	Tangel
5102	Moder
5103	Moder
5103	Mull-like moder
5105	Moder
5106	Tangel
5106	Mull
5107	Tangel
5107	Moder
5108	Tangel
5109	Tangel
5110	Tangel
5111	Tangel
5112	Tangel
5113	Tangel
5114	Moist moder
5115	Tangel
5116	Tangel
5117	Tangel
5118	Mull
5118	Mull-like moder
5119	Mull-like moder
5119	Mull
5119	Moder
5120	Tangel
5121	Tangel
5121	Moder
5122	Tangel
5123	Moder
5124	Tangel
5125	Tangel
5126	Tangel
5127	Moder
5127	Mull
5127	Mull-like moder
5128	Mull-like moder
5129	Moder
5129	Mull-like moder
5130	Tangel
5131	Mull-like moder
5131	Moder
5132	Moder
5133	Moder
5134	Tangel
5135	Tangel
5202	Moist mull
5202	Moist moder
5203	Moist mull
5204	Moder
5205	Mull
5205	Moder
5205	Mull-like moder
5206	Moder
5206	Mull-like moder
5206	Mull
5206	Moist moder
5207	Mull-like moder
5207	Moder
5207	Transition bog peat
5208	Moist moder
5208	Mull-like moder
5208	Moder
5208	Mull
5208	Low-moor peat
5209	Moist mull
5451	Mull-like moder
5451	Moder
5452	Moder
5501	Raised bog peat
5520	Mull-like moder
5520	Mull
5520	Moder
5601	Moder
5601	Raw humus
5601	Raw humus-like moder
5602	Moder
5602	Raw humus-like moder
5740	Transition bog peat
5740	Moder
5741	Moist moder
5820	Moder
5820	Transition bog peat
5820	Moist moder
5820	Mull-like moder
5821	Mull
5821	Moder
5822	Mull
5823	Mull
5824	Moder
5824	Mull
5825	Moist mull
5826	Moist mull
5827	  -
5828	  -
5829	  -
6001	Moder
6002	Mull-like moder
6002	Moder
6003	Moder
6003	Raw humus-like moder
6004	Moder
6006	Moder
6006	Raw humus-like moder
6007	Raw humus-like moder
6007	Moder
6008	Raw humus-like moder
6009	Raw humus
6009	Raw humus-like moder
6010	Raw humus-like moder
6010	Raw humus
6011	Raw humus-like moder
6011	Raw humus
6015	Moist raw humus
6015	Raw humus-like moder
6023	Moder
6023	Mull-like moder
6027	Mull-like moder
6027	Mull
6027	Moder
6028	Mull-like moder
6030	Raw humus-like moder
6030	Moist moder
6030	Mull-like moder
6032	Raw humus-like moder
6033	Mull
6033	Mull-like moder
6034	Mull
6034	Mull-like moder
6035	Mull-like moder
6035	Mull
6036	Mull-like moder
6036	Mull
6037	Mull-like moder
6037	Mull
6038	Mull
6038	Mull-like moder
6039	Mull-like moder
6039	Mull
6040	Mull
6040	Moder
6040	Mull-like moder
6041	Moist raw humus
6041	Raw humus-like moder
6041	Moder
6042	Raw humus
6043	Moder
6043	Raw humus-like moder
6044	Raw humus-like moder
6101	Moist raw humus
6102	Moder
6103	Moder
6104	Mull
6104	Moist moder
6104	Mull-like moder
6105	Moder
6105	Mull-like moder
6105	Moist moder
6106	Moder
6106	Mull-like moder
6107	Raw humus-like moder
6108	Moder
6108	Mull-like moder
6109	Raw humus
6109	Raw humus-like moder
6110	Raw humus-like moder
6110	Raw humus
6111	Raw humus
6112	Raw humus
6112	Raw humus-like moder
6113	Raw humus
6113	Raw humus-like moder
6114	Raw humus
6114	Raw humus-like moder
6118	Raw humus
6201	Mull
6201	Mull-like moder
6201	Moder
6202	Raw humus
6202	Moder
6202	Raw humus-like moder
6301	Moder
6302	Mull-like moder
6302	Moder
6303	Mull-like moder
6303	Moder
6401	Moder
6401	Mull
6401	Mull-like moder
6501	Moder
6501	Mull-like moder
6501	Moist moder
6501	Raw humus-like moder
6502	Moder
6502	Mull-like moder
6503	Raw humus-like moder
7001	Moder
7002	Moder
7002	Mull-like moder
7003	Mull-like moder
7003	Moder
7004	Mull
7005	Mull
7006	Mull
7007	Mull
7007	Mull-like moder
7007	Moder
7008	Moder
7008	Mull
7008	Mull-like moder
7009	Moder
7010	Mull-like moder
7010	Moder
7011	Mull-like moder
7011	Mull
7011	Moder
7012	Mull
7013	Mull
7013	Mull-like moder
7013	Moder
7014	Mull-like moder
7014	Moder
7015	Moder
7015	Raw humus-like moder
7015	Mull-like moder
7016	Mull
7016	Mull-like moder
7017	Moder
7017	Mull-like moder
7017	Mull
7018	Mull
7019	Mull
7020	Mull
7021	Mull
7022	Mull
7023	Mull-like moder
7023	Mull
7024	Mull
7024	Moder
7024	Mull-like moder
7025	Moder
7026	Mull
7026	Mull-like moder
7027	Mull
7027	Mull-like moder
7028	Moder
7029	Moder
7030	Moder
7030	Mull-like moder
7031	Moder
7031	Mull
7031	Mull-like moder
7032	Mull
7032	Mull-like moder
7033	Moder
7034	Mull
7034	Mull-like moder
7035	Mull
7036	Mull
7037	Mull
7038	Mull
7039	Mull
7040	Mull
7041	Moder
7041	Mull
7041	Mull-like moder
7042	Moder
7042	Mull
7042	Mull-like moder
7043	Moder
7043	Mull
7043	Mull-like moder
