species_ID	species_name	Light	Temperature	Continentality	Moisture	Reaktion	Nitrogen	Salt	Toxitolerance	heavy metals resilience
1	Lolium perenne	8	6	3	5	7	7
2	Lotus uliginosus	7	5	2	8	6	4
3	Luzula campestris	7	-1	3	4	3	2
9	Oenanthe fistulosa	7	7	2	9	8	5
11	Petasites hybridus	7	5	2	8	7	8
14	Pimpinella major	7	5	2	5	7	7
15	Plantago coronopus	8	7	3	7	7	4	4
17	Poa pratensis	6	-1	-1	5	-1	6
18	Poa trivialis	6	-1	3	7	-1	7	1
19	Polygala vulgaris	7	-1	3	5	3	2
22	Primula veris	7	-1	3	4	8	3
23	Ranunculus auricomus agg.	5	6	3	-1	7	-1
24	Ranunculus bulbosus	8	6	3	3	7	3
25	Ranunculus flammula flammula	7	-1	3	9	3	2	1
28	Ranunculus sceleratus	9	6	-1	9	7	9	2
30	Rumex acetosa	8	-1	-1	-1	-1	6			1
32	Sagina procumbens	7	-1	3	5	7	6	2
33	Ptilidium ciliare	8	3	6	4	2
35	Senecio aquaticus	7	6	2	8	4	5
36	Serratula tinctoria	6	6	5	-1	7	3
37	Silaum silaus	7	6	5	-1	7	2
38	Stachys palustris	7	5	-1	7	7	6
40	Taraxacum officinale	7	-1	-1	5	-1	-1
41	Trifolium dubium	6	6	3	5	6	5
42	Trifolium hybridum	7	6	5	6	7	5
44	Vicia tetrasperma	6	6	5	5	5	5
45	Achillea millefolium	8	-1	-1	4	-1	5	1
46	Achillea ptarmica	8	6	3	8	4	2
47	Agropyron repens repens	7	6	7	-1	-1	7
50	Agrostis tenuis	7	-1	3	-1	4	4		1	1
51	Allium angulosom	8	7	7	8	8	2
53	Alopecurus pratensis	6	-1	5	6	6	7
54	Anthoxanthum odoratum	-1	-1	-1	-1	-1	-1	1
55	Arrhenatherum eliatius	8	5	3	5	7	7
56	Bromus racemosus	6	6	2	8	5	5
69	Centaurea scabiosa	7	-1	3	3	8	4
70	Chrysanthemum leucanthemum	7	-1	3	4	-1	3
71	Cirsium arvensis	8	5	-1	-1	-1	7	1
73	Dactylorhiza incarnata	8	5	3	8	7	2
75	Eleocharis uniglumis	7	5	-1	9	7	5	5
77	Festuca arundinacea	8	5	-1	7	7	4	2
78	Festuca pratensis	8	-1	3	6	-1	6
79	Festuca rubra rubra	-1	-1	5	6	6	-1
81	Galium boreale	6	6	7	6	8	1
85	Gymnadenia conopsea	7	-1	2	7	8	3
86	Holcus lanatus	7	6	3	6	-1	4	1
87	Hypericum maculatum	8	-1	3	6	3	2
88	Hypericum tetrapterum	7	5	2	8	7	5
89	Hypochoeris radicata	8	5	3	5	4	3	1
91	Iris sibirica	8	6	5	8	6	2
93	Juncus compressus	8	5	3	8	7	5	1
98	Juncus tenuis	6	6	3	6	5	5
99	Lathyrus pratensis	7	5	-1	6	7	6
100	Paris quadrifolia	3	-1	4	6	7	7
101	Pulmonaria officinalis maculosa	5	6	5	5	8	6
102	Adoxa moschatellina	5	-1	5	6	7	8
103	Veronica hederifolia	6	6	3	5	7	7
104	Cirsium oleraceum	6	-1	3	7	8	5
105	Circaea lutetiana	4	5	3	6	7	7
106	Festuca gigantea	4	5	3	7	6	6
107	Carex sylvatica	2	5	3	5	6	5
108	Brachypodium sylvaticum	3	5	3	5	6	6
109	Melica uniflora	3	5	2	5	6	6
112	Galium aparine	7	6	3	-1	6	8
113	Dryopteris filix-mas	3	-1	3	5	5	6
114	Veronica chamaedrys	6	-1	-1	5	-1	-1
115	Oxalis acetosella	1	-1	3	5	4	6
116	Armeria maritima	8	6	2	6	5	4	6
117	Rhamnus frangula	6	6	5	8	4	-1
119	Galium odoratum	2	5	2	5	6	5
120	Fraxinus excelsior	4	5	3	-1	7	7
121	Poa nemoralis	5	-1	5	5	5	4
122	Moehringia trinervia	4	5	3	5	6	7
123	Fagus sylvatica	3	5	2	5	-1	-1
124	Ulmus laevis	4	6	5	8	7	7
125	Carpinus betulus	4	6	4	-1	-1	-1
126	Quercus robur	7	6	6	-1	-1	-1
127	Arum maculatum	3	6	2	7	7	8
128	Quercus petraea	6	6	2	5	-1	-1
130	Melica nutans	4	-1	3	4	-1	3
131	Hieracium glaucinum	5	7	3	4	3	3
132	Calamagrostis epigejos	7	5	7	-1	-1	6
133	Ranunculus ficaria	4	5	3	6	7	7
134	Lathyrus niger	5	6	4	3	7	3
135	Primula elatior	6	-1	4	6	7	7
137	Solanum dulcamara	7	5	-1	8	-1	8
138	Avenella flexuosa	6	-1	2	-1	2	3
139	Hedera helix	4	5	2	5	-1	-1
140	Stellaria holostea	5	6	3	5	6	5
141	Betula pendula	7	-1	-1	-1	-1	-1
145	Scleropodium purum	6	4	5	4	5
147	Lonicera alpigena	3	4	4	6	8	7
149	Valeriana dioica	7	-1	2	8	5	2
156	Hypnum cupressiforme	5	-1	5	4	4
157	Mnium hornum	5	3	4	6	3
158	Lonicera periclymenum	6	5	2	-1	3	4
159	Pleurozium schreberi	6	3	6	4	2
160	Sorbus aucuparia	6	-1	-1	-1	4	-1
161	Dryopteris dilatata	4	-1	3	6	-1	7
162	Humulus lupulus	7	6	3	8	6	8
163	Rubus idaeus	7	-1	-1	-1	-1	6
164	Athyrium filix-femina	3	-1	3	7	-1	6
165	Pteridium aquilinum	6	5	3	5	3	3
167	Milium effusum	4	-1	3	5	5	5
168	Maianthemum bifolium	3	-1	6	5	3	3
169	Convallaria majalis	5	-1	3	4	-1	4
170	Calamagrostis arundinacae	6	5	4	5	4	5
171	Anemone nemorosa	-1	-1	3	5	-1	-1
172	Luzula pilosa	2	-1	3	5	5	4
173	Carex pilulifera	5	-1	2	5	3	3
174	Polytrichum formosum	4	2	5	6	2
176	Dicranum scoparium	5	-1	5	4	4
178	Festuca ovina ovina	7	-1	3	-1	3	1			1
179	Cladonia squarrosa	6	4	6	5	2	2		2
182	Dicranum undulatum	9	2	6	6	1
186	Prunus padus	5	3	3	8	7	6
187	Cephalanthera rubra	4	5	4	3	8	4
188	Epipactis helleborine	3	5	3	5	7	5
190	Festuca rubra arenaria	8	6	5	4	5	3	1
191	Dicranum polysetum	6	3	6	4	5
192	Phyteuma spicatum	-1	-1	4	5	6	5
193	Hepatica nobilis	4	6	4	4	7	5
194	Veronica officinalis	6	-1	3	4	3	4
195	Dicranella heteromalla	5	4	5	4	2
196	Polypodium vulgare	5	5	3	4	2	2
198	Circaea alpina	4	4	4	7	5	5
199	Sambucus nigra	7	5	3	-1	-1	9
200	Euonymus europaea	6	5	3	5	8	5
201	Crataegus monogyna	7	5	3	4	8	4
202	Geum urbanum	4	5	5	5	-1	7
203	Alliaria officinalis	5	6	3	5	7	9
204	Viola odorata	5	6	3	5	-1	8
205	Dactylis glomerata	7	-1	3	5	-1	6
208	Ulmus glabra	4	5	3	6	7	7
209	Corydalis fabacea	3	4	4	5	7	7
210	Corylus avellana	6	5	3	-1	-1	5
211	Cornus sanguinea	7	5	4	5	7	-1
212	Glechoma hederacea	6	6	3	6	-1	7
213	Stachys sylvatica	4	-1	3	7	7	7
214	Campanula persicifolia	5	5	4	4	8	3
215	Astragalus glycyphyllos	6	6	4	4	7	3
216	Mercurialis perennis	2	-1	3	-1	8	7
217	Brachypodium pinnatum	6	5	5	4	7	4
218	Bromus ramosus	6	6	2	5	7	6
219	Acer platanoides	4	6	4	-1	-1	-1
220	Viola riviniana	5	-1	3	4	4	-1
221	Melampyrum pratense	-1	-1	3	-1	3	2
222	Tilia cordata	5	5	4	5	-1	5
223	Holcus mollis	5	5	2	5	2	3
224	Hypericum perforatum	7	6	5	4	6	3
225	Euphorbia cyparissias	8	-1	4	3	-1	3
226	Galium verum	7	6	-1	4	7	3
227	Galeopsis tetrahit	7	-1	3	-1	-1	6
228	Festuca ovina trachyphylla	8	6	6	3	-1	2
229	Rumex acetosella	8	5	3	4	2	2			1
230	Hieracium umbellatum	6	6	-1	4	4	2
231	Peucedanum oreoselinum	6	6	4	3	6	2
232	Linaria vulgaris	8	6	5	4	7	5
233	Corynephorus canescens	8	6	5	2	3	2
234	Artemisia campestris	9	6	5	2	5	2
235	Rosa canina	8	5	3	4	-1	-1
236	Prunus spinosa	7	5	5	4	7	-1
237	Rhamnus cathartica	7	5	5	4	8	4
238	Berberis vulgaris	7	-1	4	4	8	3
239	Agrimonia eupatoria	7	6	4	4	8	4
240	Salvia pratensis	8	6	4	3	8	4
241	Medicago falcata	8	6	7	3	9	3
242	Pimpinella saxifraga	7	-1	5	3	-1	2
243	Dianthus carthusianorum	8	5	4	3	7	2
244	Veronica spicata	7	7	6	3	7	2
245	Acer pseudoplatanus	4	-1	4	6	-1	7
246	Lamium galeobdolon	3	5	4	5	7	5
247	Cephalanthera alba	3	6	2	4	7	4
251	Polygonatum multiflorum	2	-1	5	5	6	5
252	Impatiens parviflora	4	6	5	-1	-1	6
253	Lonicera nigra	3	4	4	5	5	4
256	Hypnum jutlandicum	7	3	3	2	2
259	Scirpus sylvaticus	6	5	4	8	4	4
261	Hylocomium splendens	6	3	6	4	5
262	Veronica urticifolia	3	4	4	5	7	7
274	Lychnis flos-cuculi	7	5	3	7	-1	-1
289	Briza media	8	-1	3	-1	-1	2
292	Succisa pratensis	7	5	3	7	-1	2
293	Selinum carvifolia	7	5	5	7	5	2
294	Thalictrum flavum	7	6	5	8	8	4
295	Cakile maritima	9	6	-1	6	-1	8	4
296	Trifolium pratense	7	-1	3	-1	-1	-1
297	Trifolium repens	8	-1	-1	5	6	6	1
298	Plantago lanceolata	6	-1	3	-1	-1	-1
299	Avena pubescens	5	-1	3	-1	-1	4
300	Daucus carota	8	6	5	4	-1	4
301	Vicia cracca	7	5	-1	5	-1	-1	1
302	Cnidium dubium	7	7	6	8	6
303	Sanguisorba officinalis	7	5	7	7	-1	-1
304	Carex praecox	9	6	6	3	-1	4
307	Scrophularia alata	7	6	5	9	8	7
309	Polygonum persicaria	6	6	3	5	7	7
310	Bellis perennis	8	-1	2	5	-1	6
312	Polygonum aviculare	7	6	-1	4	-1	6	1
313	Trifolium fragiferum	8	6	5	7	8	7	4
314	Carex hirta	7	6	3	6	-1	5
317	Dianthus superbus superbus	7	6	7	8	8	2
318	Prunella vulgaris	7	-1	3	-1	7	-1
319	Rosa pendulina	6	4	2	5	7	6
320	Linum cartharticum	7	-1	3	-1	7	2	1
321	Centaurea jacea	7	-1	5	-1	-1	-1
322	Mentha arvensis	7	-1	-1	8	-1	-1
323	Viola persicifolia	6	7	5	8	6	3
324	Biscutella laevigata gracilis
325	Carex leporina	7	-1	3	7	3	3
327	Erica tetralix	8	5	1	8	1	2
328	Salix repens repens	8	5	-1	7	-1	-1
329	Pohlia ludwigii	9	1	6	7	3
330	Dactylorhiza maculata maculata	7	-1	2	8	-1	2
331	Genista anglica	8	5	1	5	2	2
332	Polytrichum commune	6	2	6	7	2
333	Leontodon autumnalis	7	-1	3	5	5	5
334	Phleum pratense	7	-1	5	5	-1	6
335	Cerastium caespitosum	6	-1	-1	5	-1	5	1
336	Trifolium campestre	8	6	3	4	6	3
337	Campanula patula	8	6	4	5	7	5
338	Heracleum sphondylium	7	5	2	5	-1	8
339	Anthriscus sylvestris	7	-1	5	5	-1	8
340	Pastinaca sativa	8	6	5	4	8	5
341	Trisetum flavescens	7	-1	5	-1	-1	5
342	Rubus glandulosis agg.
343	Equisetum arvense	6	-1	-1	6	-1	3
344	Myosotis arvensis	6	6	5	5	-1	6
345	Melandrium album	8	6	-1	4	-1	7
346	Thymus pulegioides	8	-1	4	4	-1	1
347	Cerastium arvense	8	-1	5	4	6	4
348	Armeria elongata	7	6	3	3	6	2
349	Rhinanthus minor	7	5	3	-1	-1	3
350	Ranunculus polyanthemos	6	6	5	4	-1	2
351	Filipendula hexapetala	7	6	5	3	8	2
352	Euphorbia esula	8	6	5	4	8	-1
353	Matricaria matricarioides	8	5	3	5	7	8
354	Stellaria media	6	-1	-1	4	7	8
355	Capsella bursa pastoris	7	-1	-1	5	-1	6
356	Chenopodium album	-1	-1	-1	4	-1	7
357	Lamium purpureum	7	5	3	5	7	7
358	Cardaminopsis arenosa	9	-1	4	4	6	2
359	Carduus crispus	7	6	-1	6	7	9
360	Helichrysum arenarium	8	6	7	2	5	1
361	Thymus serpyllum	7	6	5	2	5	1
362	Jasione montana	7	6	3	3	3	2
363	Trifolium arvense	8	6	3	3	2	1
364	Koeleria glauca	7	7	7	3	8	1
365	Festuca psammophila	9	7	6	3	8	2
366	Silene otites	8	7	7	2	7	2
367	Centaurea maculosa
368	Chondrilla juncea	8	7	5	3	6	-1
369	Scleranthus perennis	8	6	4	2	4	1
370	Sedum boloniense	7	5	4	2	6	1
371	Sedum acre	8	6	3	2	-1	1	1
372	Sedum rupestre	7	5	4	2	5	1
373	Hieracium pilosella	7	-1	3	4	-1	2
374	Phleum phleoides	8	6	7	3	8	2
375	Potentilla arenaria	9	7	6	1	8	1
376	Ceratodon purpureus	8	-1	-1	2	-1
377	Polytrichum piliferum	9	2	5	2	2
378	Coronilla varia	7	6	5	4	9	3
379	Potentilla argentea	9	6	3	2	3	1
380	Lamium galeobdolon montanum	3	4	5	6	7	6
381	Ornithopus perpusillus	7	6	2	3	2	2
382	Aira praecox	9	6	2	2	2	1
383	Spergula morisonii	9	5	4	3	-1	2
384	Teesdalia nudicaulis	8	6	2	3	1	1
385	Cornicularia aculeata	8	5	4	3	-1	2		2
386	Carex arenaria	7	6	2	3	2	2	1
387	Viola tricolor maritima	8	7	2	3	6	3	1
388	Filago minima	9	6	3	2	4	1
389	Myosotis micrantha	8	6	5	3	6	2
390	Elymus arenarius	9	6	-1	6	7	6	1
391	Pulsatilla pratensis	7	6	5	2	7	2
392	Potentilla verna	8	6	4	3	7	2
393	Scabiosa columbaria	8	5	2	3	8	3
394	Ononis repens	8	5	2	4	7	2
395	Stipa capillata	8	7	8	2	8	2
396	Koeleria gracilis	7	6	7	3	8	2
397	Adonis vernalis	7	6	7	3	7	2
398	Falcaria vulgaris	7	7	6	3	9	-1
399	Bromus inermis	8	-1	7	4	8	5
400	Sanguisorba minor	7	6	5	3	8	2
401	Carlina vulgaris	7	5	3	4	7	3
402	Trifolium montanum	8	-1	4	3	8	2
403	Fragaria viridis	7	5	5	3	8	3
404	Anthyllis vulneraria	8	6	3	3	7	2
405	Knautia arvensis	7	6	3	4	-1	4
406	Carex humilis	7	6	5	2	8	3
407	Prunella grandiflora	7	-1	5	3	8	3
408	Campanula sibirica
409	Gentiana ciliata	7	-1	4	3	8	2
410	Gentiana germanica	7	5	4	4	8	3
411	Koeleria pyramidata	7	6	4	4	7	2
412	Cirsium acaule	9	5	4	3	8	2
413	Ononis spinosa	8	6	5	4	7	3	1
414	Genista pilosa	7	5	4	-1	-1	1
415	Genista germanica	7	5	4	4	2	2
416	Festuca rubra commutata	7	-1	4	-1	3	2
418	Abies alba	3	5	4	-1	-1	-1
419	Pohlia nutans	5	-1	6	4	2
420	Rhytidiadelphus loreus	4	3	4	6	3
421	Tilia platyphyllos	4	6	2	6	-1	7
422	Prunus avium	4	5	4	5	7	5
423	Rubus plicatus	7	5	4	5	2	3
424	Rubus pedemontanus	7	5	4	5	3	4
425	Galeopsis speciosa	7	-1	6	5	-1	7
427	Chaerophyllum hirsutum	6	3	4	8	-1	7
429	Stellaria nemorum	4	-1	4	7	5	7
430	Populus tremula	6	5	5	5	-1	-1
431	Cicerbita alpina	6	3	2	6	6	8
432	Ranunculus platanifolius	5	4	4	6	-1	7
433	Rumex arifolius	7	3	5	6	8	6
434	Athyrium distentifolium	5	3	3	6	6	7
435	Senecio hercynicus	7	4	7	6	-1	8
436	Streptopus amplexifolius	5	3	4	5	6	6
437	Aconitum napellus	7	-1	2	7	7	8
439	Petasites albus	4	4	4	6	-1	5
440	Thalictrum aquilegiifolium	5	-1	4	8	7	7
442	Luzula sylvatica	4	4	2	5	4	4
443	Calamagrostis villosa	6	4	4	7	2	2
444	Trientalis europaea	5	5	7	-1	3	2
445	Prenanthes purpurea	4	4	4	5	5	5
446	Euphorbia dulcis	4	5	2	5	8	5
447	Dryopteris carthusiana	5	-1	3	-1	4	3
448	Valeriana sambucifolia	7	6	5	8	6	5
449	Plagiomnium undulatum	4	3	5	6	6
450	Sphagnum quinquefarium	4	3	4	6	4
451	Fragaria vesca	7	-1	5	5	-1	6
452	Barbilophozia attenuata	7	3	5	6	2
453	Tetraphis pellucida	3	3	5	6	1
454	Lepidozia reptans	4	3	5	5	2
455	Calypogeia fissa	4	4	4	5	3
458	Polytrichum alpinum	7	1	6	6	2
459	Polytrichum longisetum	8	2	6	7	2
460	Plagiothecium laetum	4	3	6	4	2
461	Plagiothecium curvifolium	5	2	4	4	2
462	Orthodontium lineare	4	6	3	5	2
463	Lonicera xylosteum	5	6	4	5	7	6
464	Sambucus racemosa	6	4	4	5	5	8
465	Epilobium angustifolium	8	-1	5	5	5	8
466	Epilobium montanum	4	-1	3	5	6	6
467	Geranium robertianum	5	-1	3	-1	-1	7
468	Ptilidium crista-castrensis	4	2	6	6	3
471	Cladonia furcata	6	5	6	-1	4	3		3
473	Cladonia coniocraea	5	-1	6	-1	4	2		2
474	Galium saxatile	7	5	2	5	2	3
475	Calypogeia muelleriana	5	3	6	5	3
476	Cladonia digitata	5	4	6	-1	2	2		8
477	Phegopteris connectilis	2	4	3	6	4	6
478	Epilobium alpestre	7	3	4	6	7	8
479	Cephalozia bicuspidata	5	-1	5	5	3
480	Rhizomnium punctatum	3	3	4	6	4
481	Barbilophozia lycopodioides	7	2	6	6	3
482	Rhytidiadelphus subpinnatus	8	2	6	6	5
485	Myosotis nemorosa	7	5	4	8	5	5
486	Ajuga reptans	6	-1	2	6	6	6
487	Rumex obtusifolius	7	5	3	6	-1	9
488	Brachythecium rivulare	-1	3	5	7	5
489	Plagiothecium ruthei	-1	5	6	7	2
490	Senecio ovatus	7	-1	4	5	-1	8
491	Salix aurita	7	-1	3	8	4	3
492	Carex elongata	4	6	3	9	7	6
493	Sphagnum fimbriatum	5	3	6	7	2
494	Sphagnum squarrosum	5	-1	5	7	3
497	Veronica montana	4	5	2	7	5	6
498	Plagiomnium affine	5	4	5	5	5
500	Viburnum opulus	6	5	3	-1	7	6
501	Carex pendula	5	5	2	8	6	6
502	Plagiochila asplenioides	4	4	5	6	6
503	Eurhynchium striatum	5	7	5	7	6
504	Eurhynchium praelongum	6	4	5	6	5
505	Eurhynchium angustirete	5	4	7	4	7
507	Calliergon cordifolium	7	4	6	8	4
508	Thuidium tamariscinum	4	4	4	6	4
510	Ribes uva-crispa	4	5	2	-1	-1	6
511	Luzula luzuloides	4	-1	4	5	3	4
512	Mycelis muralis	4	6	2	5	-1	6
513	Genista tinctoria	8	6	3	6	6	1
514	Vincetoxicum hirundinaria	6	5	5	3	7	3
515	Silene viscaria	7	6	4	3	4	2
516	Silene nutans	7	-1	5	3	7	3
517	Campanula rotundifolia	7	5	-1	-1	-1	2
518	Cytisus scoparius	8	5	2	4	3	3
519	Cytisus nigricans	6	6	5	4	6	2
520	Anthericum liliago	7	6	4	3	5	2
521	Digitalis grandiflora	7	4	4	5	5	5
522	Polygonatum verticillatum	4	4	2	5	4	5
523	Festuca altissima	3	5	3	5	4	6
524	Dentaria bulbifera	3	5	4	5	7	6
525	Gymnocarpium dryopteris	3	4	5	6	4	5
526	Atrichum undulatum	6	-1	5	6	4
527	Viola reichenbachiana	4	-1	4	5	7	6
528	Hieracium sylvaticum	4	-1	3	5	5	4
529	Lunaria rediviva	4	5	4	6	7	8
530	Aruncus dioicus	4	5	4	6	-1	8
531	Polystichum aculeatum	3	6	2	6	6	7
532	Plagiomnium cuspidatum	4	3	4	5	7
533	Paraleucobryum longifolium	4	3	6	4	1
534	Rubus caesius	6	5	4	-1	8	7
535	Lamium maculatum	5	-1	4	6	7	8
536	Arctium lappa	9	6	4	5	7	9
537	Dactylis polygama	5	6	4	5	6	5
538	Anemone ranunculoides	3	6	4	6	8	8
539	Corydalis cava	3	6	4	6	8	8
540	Rumex sanguineus	4	6	2	7	7	7
541	Allium ursinum	2	-1	2	6	7	8
542	Gagea lutea	4	5	4	6	8	7
543	Aulacomnium androgynum	4	4	5	5	2
544	Fissidens taxifolius	5	4	5	6	7
545	Galium sylvaticum	5	5	4	5	6	5
546	Rubus fruticosus agg.	-1	-1	-1	-1	-1	-1	-1
547	Lathyrus vernus	4	6	4	5	8	4
548	Acer campestre	5	6	4	5	7	6
549	Sorbus torminalis	4	7	4	4	7	4
550	Melampyrum nemorosum	5	6	4	4	6	4
551	Fragaria moschata	6	6	4	5	6	6
553	Carex montana	5	-1	4	4	6	3
554	Peucedanum cervaria	7	6	4	3	7	3
555	Pellia neesiana	-1	3	6	8	5
557	Dicranum spurium	7	3	6	2	1
558	Leucobryum juniperiodeum	7	4	3	6	2
559	Cladonia strepsilis
560	Cladonia uncialis	8	4	6	5	2	2		2
563	Hieracium sabaudum	5	6	3	4	4	2
564	Hieracium lachenalii	5	5	-1	4	4	2
565	Cetraria aculeata	8	5	4	3	-1	2		2
566	Stereocaulon condensatum
567	Scorzonera humilis	7	6	5	7	5	2
568	Rhizocarpon alpicola	7	2	4	8	3	2		2
569	Umbilicaria hirsuta
570	Umbilicaria cylindrica	9	2	-1	7	3	3		3
571	Parmelia conspersa	9	5	-1	3	5	6
572	Salix fragilis	5	5	3	8	6	6
573	Salix alba	5	6	6	8	8	7
575	Salix viminalis	7	6	7	8	7	-1
576	Orchis morio	7	5	3	4	7	3
577	Eurhynchium hians	7	4	5	4	7
578	Laserpitium prutenicum	7	6	5	7	7	2
579	Betonica officinalis	7	6	5	-1	-1	3
580	Galium rotundifolium	2	5	2	5	5	4
583	Salix caprea	7	-1	3	6	7	7
584	Matteuccia struthiopteris	5	6	4	8	7	7
585	Aconitum variegatum	5	4	4	7	8	7
586	Brachythecium rutabulum	5	-1	5	4	-1
588	Barbilophozia floerkei	8	2	6	6	2
589	Biatora helvola	4	3	5	9	5	1
593	Pinus sylvestris hercynica
594	Cladonia pyxidata	7	-1	6	-1	-1	2		2
595	Cladonia macilenta	7	5	6	-1	2	1		1
596	Cladonia caespiticia	6	5	2	-1	5	2
597	Festuca heterophylla	5	6	4	4	5	5
598	Cladonia foliacea	9	6	2	-1	3	2		2
599	Cladonia gracilis	7	4	6	5	3	1		1
600	Pycnothelia papillaria	8	-1	6	5	2	1
601	Vicia sepium	-1	-1	5	5	6	5
604	Alchemilla vulgaris	9	2	2	5	2	2
605	Centaurea pseudophrygia	8	4	5	5	5	4
606	Crepis mollis	8	4	5	5	5	5
607	Scabiosa ochroleuca	8	7	6	3	8	2
608	Bromus erectus	8	5	2	3	8	3
609	Plantago media	7	-1	7	4	7	3
610	Onobrychis viciifolia	8	7	6	3	8	3
611	Geranium pratense	8	6	5	5	8	7
612	Tragopogon pratensis	7	6	3	4	7	6
613	Crepis biennis	7	5	3	5	6	5
614	Dianthus deltoides	8	5	4	3	3	2
615	Galium pumilum	7	5	2	4	4	2
616	Alyssum alyssoides	9	6	4	3	8	1
617	Sedum album	9	-1	2	2	-1	1
619	Anthemis tinctoria	8	6	5	3	6	4
620	Arenaria serpyllifolia	8	-1	-1	4	-1	-1
621	Arabis auriculata	7	7	6	3	7	3
622	Cerastium brachypetalum	9	7	4	3	8	2
623	Cerastium pumilum	8	7	4	2	8	2
624	Draba nemorosa
625	Hornungia petraea	8	7	2	2	9	1
626	Minuartia fastigiata	9	8	4	2	8	1
627	Minuartia hybrida	9	7	3	3	8	3
628	Saxifraga tridactylitis	8	6	2	2	7	1
629	Thlaspi perfoliatum	8	6	5	4	8	2
630	Trifolium striatum	8	7	3	3	2	1	1
631	Veronica praecox	8	8	5	2	8	1
632	Festuca pallens	9	7	4	2	8	1
633	Dianthus gratianopolitanus	9	7	4	2	7	1
634	Hieracium schmidtii	8	6	2	4	2	1
636	Aster alpinus	9	2	5	5	7	2
637	Solidago virgaurea	5	-1	-1	5	-1	4
638	Bryum argenteum	7	-1	-1	-1	6
639	Gagea bohemica saxatilis	9	8	5	2	5	2
640	Sorbus aria	6	5	2	4	7	3
641	Veronica verna	8	7	5	2	4	1
642	Cerastium semidecandrum	8	6	3	3	6	-1
643	Erophila verna	8	6	3	3	-1	2
644	Holosteum umbellatum	8	6	5	3	-1	2
645	Thymus praecox	8	6	5	3	8	1
646	Acinos arvensis	9	6	3	2	5	1
647	Alyssum montanum montanum	9	6	4	2	7	1
648	Asperula cynanchica	7	-1	5	3	8	3
649	Festuca cinerea	9	8	4	2	6	1
650	Teucrium montanum	8	7	4	1	9	1
651	Festuca valesiaca	8	7	7	2	7	2
652	Stipa pulcherrima	9	8	7	1	8	1
653	Achillea setacea	9	7	8	2	7	1
654	Festuca rupicola	9	7	7	3	8	2
655	Stipa joannis	8	7	8	2	7	2
657	Carlina acaulis	9	-1	4	4	-1	2
658	Orchis militaris	7	6	5	3	9	2
659	Ophrys insectifera	7	5	4	4	9	3
660	Aster amellus	8	6	6	4	9	3
662	Polygala amara	8	3	4	4	8	2	0
663	Carex caryophyllea	8	-1	3	4	-1	2
664	Carex ornithopoda	6	-1	4	3	9	3
665	Carex frigida	9	2	2	8	8	2	0
666	Helianthemum nummularium	7	6	4	3	7	1
667	Tortella tortuosa	5	-1	6	4	8
668	Chrysanthemum corymbosum	6	7	5	4	7	4
669	Eryngium campestre	9	7	5	3	8	3
670	Medicago lupulina	7	5	-1	4	8	-1
671	Vicia tenuifolia	8	6	6	3	8	2
672	Leontodon hispidus	8	-1	3	5	7	6
673	Colchicum autumnale	6	5	2	6	7	-1
674	Achillea nobilis	8	7	7	4	8	1
675	Aurinia saxatilis	9	7	4	2	8	1
676	Erysimum crepidifolium	9	7	5	2	7	1
677	Iris aphylla	8	7	6	3	6	1
678	Allium strictum	9	6	8	2	6	1
679	Melica ciliata	8	7	4	2	7	2
680	Lotus corniculatus	7	-1	3	4	7	3
681	Lathyrus montanus	-1	5	2	5	3	2
682	Viola canina	7	-1	3	4	3	2
683	Danthonia decumbens	8	-1	2	-1	3	2
685	Potentilla aurea	8	3	4	4	3	2
686	Arnica montana	9	4	4	5	3	2
687	Luzula multiflora	7	-1	4	5	5	3
688	Carex pallescens	7	4	3	6	4	3
689	Jovibarba sobolifera	9	6	5	2	8	1
690	Micropus erectus	9	9		2	9	1
691	Trifolium scabrum	9	9	3	2	9	1
692	Allium pulchellum	9	7	6	2	8	1
693	Dorycnium germanicum	7	6	4	2	9	1
694	Fumana procumbens	9	7	3	2	9	1
695	Gypsophila fastigiata	8	8	5	2	6	1
696	Helianthemum apenninum	8	7	2	2	8	1
697	Helianthemum canum	8	7	4	2	9	1
698	Koeleria vallesiana	9	8	5	1	9	1
699	Globularia punctata	8	6	5	2	9	2
700	Linum tenuifolium	9	8	4	2	9	2
701	Orobanche amethystea	8	8	2	1	8	1
702	Orobanche teucrii	8	6	2	2	9	1
703	Phyteuma tenerum	8	6	4	2	8	1
704	Stipa bavarica	9	6		1	7	1
705	Trinia glauca	9	8	5	1	8	1
706	Poa badensis	8	7	4	3	8	1
707	Dracocephalum ruyschiana	6	5	8	4	7	2
708	Minuartia setacea	9	7	6	2	7	1
709	Spergula pentandra	9	6	4	2	6	1
710	Veronica dillenii	8	7	6	2	5	2
711	Arabidopsis thaliana	6	6	3	4	4	4
712	Echium vulgare	9	6	3	4	8	4
713	Poa compressa	9	-1	4	3	9	3
714	Hypochoeris glabra	9	7	2	3	3	1
715	Petrorhagia prolifera	8	7	3	3	5	2
716	Petrorhagia saxifraga	9	7	4	2	7	1
717	Teucrium botrys	9	6	4	2	8	2
718	Stachys recta	7	6	4	3	8	2
719	Teucrium chamaedrys	7	6	4	3	8	1
720	Aster linosyris	8	7	5	2	8	2
721	Pseudotsuga menziesii
722	Larix decidua	8	-1	6	4	-1	3
723	Larix kaempferi
724	Quercus rubra
725	Robinia pseudoacacia	5	6	4	4	-1	8
726	Populus x canadensis
727	Daphne mezereum	4	-1	4	5	7	5
728	Neottia nidus-avis	2	5	3	5	7	5
729	Epipactis atrorubens	6	-1	3	3	8	2
730	Vulpia myuros	8	7	3	2	5	1
731	Pulmonaria obscura	4	5	6	6	8	7
732	Potentilla alba	6	6	5	4	5	5
733	Betula pubescens carpatica	9	4	-1	-1	1	1
734	Sorbus aria danubialis
735	Quercus pubescens	7	8	4	3	7	-1
736	Hordelymus europaeus	4	5	4	5	7	6
737	Lilium martagon	4	-1	5	5	7	5
738	Campanula trachelium	4	-1	3	6	8	8
739	Asarum europaeum	3	6	5	5	7	6
740	Actea spicata	3	5	4	5	6	7
741	Sanicula europaea	4	5	3	5	8	6
742	Cynosurus cristatus	8	5	3	5	-1	4
743	Galium album album	7	-1	3	5	7	5
744	Bromus hordeaceus hordeaceus	7	6	3	-1	-1	-1	1
745	Carex paniculata	7	-1	3	9	6	4
746	Viola hirta	6	5	5	3	8	2
747	Bolboschoenus maritimus	8	6	-1	10	8	7	2
748	Juncus gerardii	8	6	-1	-1	7	-1	7
749	Glaux maritima	6	6	-1	7	7	5	7
750	Schoenoplectus tabernaemontani	8	7	6	10	9	6	3
751	Salicornia brachystachya	9	6		8	8	5	9
752	Suaeda maritima	8	6	-1	8	7	7	8
753	Spergularia salina	7	6	-1	7	9		9
754	Spergularia media	7	6	-1	7	7	5	8
755	Puccinellia maritima	9	6	3	8	7	5	8
756	Aster tripolium	8	6	-1	-1	7	7	8
757	Plantago maritima	8	6	-1	7	8	5	7
758	Triglochin maritimum	8	6	-1	7	-1	5	8
759	Juncus ranarius	9	6	-1	8	4	3	4
760	Puccinellia distans	8	6	6	6	7	4	7
761	Primula veris canescens
762	Trichophorum cespitosum	8	4	3	9	1	1
763	Willemetia stipitata	9	3	4	9	7	4
764	Carex flava	8	-1	2	9	8	2
765	Bartsia alpina	8	3	3	8	7	3
766	Juncus alpinus	8	-1	6	9	8	2
767	Origanum vulgare prismaticum	7	-1	3	3	8	3
768	Carex pulicaris	8	4	2	9	4	2
769	Pinguicula vulgaris	8	-1	3	8	7	2
770	Drosera rotundifolia	8	4	3	9	1	1
771	Riccardia pinguis	8	-1	5	8	7
773	Sphagnum subsecundum	6	2	6	7	3
775	Typha minima	8	-1	7	9	8	2
776	Aira caryophyllea	9	6	2	2	4	1
777	Euphorbia seguieriana	9	7	6	2	8	1
778	Nardurus lachenalii	9	8	2	2	4	1
779	Kochia laniflora	9	8	7	2	8	1
780	Syntrichia ruralis
781	Medicago minima	9	7	3	3	8	2
782	Brachythecium albicans	9	3	5	2	-1
783	Oenothera biennis	9	7	3	4	-1	4
784	Silene rupestris	9	3	2	3	3	1
785	Sedum annuum	9	3	3	3	4	1
786	Racomitrium canescens	9	3	6	1	6
787	Allium senescens montanum	9	-1	5	2	6	2
788	Erophila praecox	8	6	7	2	8	1
789	Arenaria leptoclados	9	8	3	3	-1	2
790	Peltigera rufescens	8	-1	6	3	8	2		2
791	Veronica arvensis	7	6	3	-1	6	-1
792	Rhytidium rugosum	9	-1	6	3	7
793	Hedwigia ciliata	9	-1	5	2	2
794	Abietinella abietina	8	-1	5	2	7
795	Grimmia leucophaea	9	6	4	1	4
796	Grimmia pulvinata	9	5	5	1	7
797	Tortella inclinata	9	3	5	2	8
798	Ditrichum flexicaule	6	-1	6	5	9
799	Pleurochaete squarrosa	9	8	5	2	6
800	Pulsatilla vulgaris	7	6	5	2	7	2
801	Allium sphaerocephalum	9	8	5	3	8	2
802	Scabiosa canescens	7	7	6	3	8	3
803	Centaurea rhenana
804	Gentiana verna	8	-1	4	4	7	2
805	Hippocrepis comosa	7	5	2	3	7	2
806	Potentilla heptaphylla	7	5	4	3	9	2
807	Ranunculus nemorosus	6	-1	4	5	6	-1
808	Buphthalmum salicifolium	8	-1	4	4	8	3
809	Dactylorhiza sambucina	7	5	4	4	5	2
810	Saxifraga granulata	-1	6	2	4	5	3
812	Avena pratensis	9	2	4	5	7	3
813	Thesium linophyllon	8	7	5	2	8	1
814	Polygala comosa	8	6	6	3	8	2
815	Genista sagittalis	8	5	4	4	4	2
816	Teucrium scorodonia	6	5	2	4	2	3
817	Hypochoeris maculata	7	6	5	4	6	2
818	Scilla autumnalis
819	Cladonia convoluta	9	9	6	1	8	2		2
820	Galium glaucum	8	7	6	2	9	2
821	Thalictrum minus	6	-1	7	3	8	3
822	Bupleurum falcatum	6	6	6	3	9	3
823	Thesium bavarum	7	6	4	3	8	2
824	Carduus defloratus	7	-1	4	4	8	4
825	Chrysanthemum adustum	9	4	3	3	8	2
826	Anthericum ramosum	7	5	4	3	7	3
827	Geranium sanguineum	7	6	4	3	8	3
828	Dryas octopetala	9	2	7	4	8	4
829	Silene acaulis	9	1	3	4	8	1
830	Carex firma	9	2	4	4	9	2
831	Gentiana clusii	9	3	4	5	9	3
832	Pedicularis rostratocapitata	8	2	4	5	9	3
833	Androsace chamaejasme	9	2	6	5	9	2
834	Helianthemum alpestre	9	2	4	4	9	2
835	Festuca pumila	8	2	3	5	6	4
836	Polygonum viviparum	7	2	-1	5	4	2
837	Primula auricula	8	3	4	-1	8	2
838	Ranunculus alpestris	9	2	-1	7	8	4
839	Hieracium villosum	9	2	4	5	9	2
840	Achillea clavennae	8	2	5	5	8	3
841	Anthyllis vulneraria alpestris	8	2	4	4	8	2
842	Phyteuma orbiculare	8	3	4	5	8	3
843	Galium anisophyllon	9	2	4	5	8	3
844	Thymus polytrichus	8	3	5	4	8	4
845	Gentiana aspera
846	Carex sempervirens	7	-1	2	4	7	3
847	Ranunculus montanus	6	3	4	5	8	6
848	Campanula scheuchzeri	8	2	4	5	-1	3
849	Myosotis alpestris	8	2	4	5	9	4
850	Agrostis alpina	8	2	3	5	6	4
851	Aster bellidiastrum	7	3	4	5	8	4
852	Laserpitium latifolium	7	4	2	5	9	2
853	Coronilla vaginalis	6	-1	4	3	9	2
854	Carex ferruginea	8	2	4	5	8	4
855	Phleum hirsutum	8	3	4	5	7	4
856	Pulsatilla alpina	8	2	2	5	8	3
857	Festuca violacea	8	2	4	5	7	6
858	Festuca pulchella	8	2	4	5	7	4
859	Viburnum lantana	7	5	2	4	8	4
860	Ligustrum vulgare	7	6	3	4	8	3
861	Knautia sylvatica	5	4	4	6	6	6
862	Helianthemum grandiflorum	7	3	4	4	8	3
863	Scabiosa lucida	9	3	4	4	8	3
864	Silene vulgaris prostrata	8
865	Salix waldsteiniana	7	3	4	6	8	5
867	Centaurea montana	6	4	4	5	7	6
868	Tofieldia calyculata	8	-1	4	8	8	2
869	Gentiana lutea	7	3	4	5	-1	2
870	Hypochoeris uniflora	8	2	4	4	4	2
871	Euphrasia minima	7	2	-1	5	2	3
872	Agrostis rupestris	8	2	2	4	2	1
873	Avena versicolor	9	2	3	5	3	2
874	Campanula barbata	7	2	4	5	1	2
875	Gentiana acaulis	8	2	4	5	2	2
876	Gentiana punctata	8	2	4	5	2	2
877	Plantago alpina	8	3	2	5	3	2
878	Geum montanum	7	2	2	5	2	2
879	Pseudorchis albida	8	4	2	5	2	2
880	Solidago alpestris	5	3	-1	5	2	3
881	Leontodon helveticus	8	3	4	5	3	2
882	Gnaphalium norvegicum	7	3	3	5	4	4
883	Luzula sudetica	8	3	4	5	3	2
884	Hieracium alpinum	8	2	3	5	1	1
885	Coeloglossum viride	8	-1	-1	4	4	2
886	Crataegus laevigata	6	6	4	5	7	5
887	Ajuga pyramidalis	7	-1	2	5	1	1
888	Hieracium lactucella	8	-1	3	6	4	2
889	Viola mirabilis	4	5	4	5	8	-1
891	Sesleria albicans albicans	7	3	2	4	9	3
892	Knautia dipsacifolia dipsacifolia	5	4	4	6	6	6
893	Valeriana wallrothii	7	-1	4	4	7	4
894	Thlaspi montanum	6	5	4	4	9	2
895	Rosa vosagiaca	7	5	2	5	6	3
896	Bupleurum longifolium	5	-1	6	4	9	5
897	Silene vulgaris	8	-1	-1	4	7	4		1	1
898	Salvia glutinosa	4	5	4	6	7	7
899	Ctenidium molluscum	6	4	5	4	8
900	Agrostis vinealis	9	7	3	2	2	1
901	Carex limosa	9	4	-1	9	2	2
902	Triglochin palustre	8	-1	-1	9	-1	1	3
903	Elyna myosuroides	9	2	7	4	-1	2
904	Carex atrata	9	2	3	5	6	2
905	Oxytropis jacquinii	8	2	4	4	9	2
906	Carex capillaris	8	1		8	8	2
907	Primula minima	8	2	4	5	1	1
908	Polygala serpyllifolia	8	4	2	6	2	2
909	Alnus incana	6	4	5	7	8	-1
910	Eurhynchium swartzii	7	4	5	4	7
912	Pyrola uniflora	4	-1	5	5	4	2
913	Pyrola secunda	4	-1	3	5	-1	2
914	Corallorhiza trifida	-1	4	7	5	3	-1
915	Listera cordata	3	4	3	7	2	2
916	Blechnum spicant	3	-1	2	6	2	3
917	Melampyrum sylvaticum	4	4	5	5	2	2
918	Coronilla coronata	7	6	4	3	9	3
919	Molinia arundinacea	7	6	5	-1	-1	2
920	Seseli libanotis	7	-1	5	3	8	2
921	Juniperus communis	8	-1	-1	4	-1	-1
922	Cytisus supinus	7	6	4	3	-1	1
923	Rhamnus saxatilis	7	6	4	3	9	2
924	Polygala chamaebuxus	6	4	4	3	8	2
926	Festuca guestfalica	8	5	4	4	7	-1
927	Helianthemum ovatum	8	5	4	3	9	2
929	Carex ericetorum	5	5	7	4	-1	2
930	Viola collina	6	5	7	3	8	2
931	Trifolium alpestre	7	6	4	3	6	3
932	Melampyrum pratense oligocladum	5	3	4	5	2	2
933	Rhytidiadelphus triquetrus	7	3	6	4	5
934	Carex alba	5	5	7	4	8	2
935	Adenostyles alpina	6	3	4	6	8	4
936	Luzula sylvatica sieberi	3	3	2	5	2	3
937	Aposeris foetida	4	4	4	5	6	5
938	Luzula luzulina	3	3	4	4	5	2
939	Alchemilla alpina	9	2	2	5	2	2
940	Huperzia selago	4	3	3	6	3	5
941	Viola biflora	4	3	4	6	7	6
942	Campanula cochleariifolia	8	3	4	7	-1	3
943	Valeriana montana	8	2	2	5	9	2
944	Veratrum album	7	4	4	-1	7	6
945	Polystichum lonchitis	6	4	3	5	8	3
946	Mnium spinosum	5	2	6	6	6
947	Gymnocarpium robertianum	7	4	5	5	8	3
948	Asplenium viride	4	4	3	6	8
949	Viola rupestris	6	5	7	3	8	2
950	Moehringia muscosa	5	3	2	7	9	2
951	Gentiana asclepiadea	7	-1	4	6	7	2
952	Lonicera caerulea	5	3	7	8	2	2
954	Rhododendron hirsutum	7	3	4	4	7	3
955	Rhododendron ferrugineum	7	3	4	6	2	2
956	Pyrola chlorantha	5	5	5	4	5	2
957	Chimaphila umbellata	4	6	6	4	6	3
958	Lophocolea bidentata	7	3	5	6	5
959	Cladonia sylvatica	8	-1	6	-1	-1	1
960	Pinus mugo mugo	8	3	3	-1	-1	3
961	Juniperus sibirica	9	2	7	4	7	2
962	Sorbus chamaemespilus	7	3	4	4	8	3
963	Alnus viridis	7	3	4	6	5	7
964	Adenostyles alliariae	6	3	2	6	-1	8
965	Geranium sylvaticum	6	4	4	6	6	7
966	Pedicularis hacquetii
969	Senecio subalpinus	6	4	4	8	6	5
970	Peucedanum ostruthium	6	3	2	5	7	7
971	Saxifraga rotundifolia	5	3	4	6	8	6
972	Agrostis schraderiana	6	2	6	5	6	6
973	Pedicularis recutita	8	3	4	6	7	4
974	Poa hybrida	6	3	4	6	6	7
975	Aconitum lycoctonum	3	4	4	7	7	8
976	Ranunculus aconitifolius aconitifolius	6	4	2	8	5	6
977	Festuca capillata	7	6	2	4	3	2
978	Tozzia alpina	5	2	4	6	8	7
979	Pinus cembra	5	2	7	5	4	3
980	Valeriana tripteris	7	3	2	5	-1	2
981	Soldanella alpina	7	2	4	7	8	-1
982	Mentha suaveolens	8	7	3	8	6	5	1
983	Verbena officinalis	9	6	3	5	7	7
985	Ranunculus acris	7	-1	3	6	-1	-1
986	Cirsium rivulare	9	5	4	8	8	5
988	Trollius europaeus	9	3	5	7	6	5
989	Taraxacum laevigatum	8	6	5	3	7	2
990	Equisetum palustre	7	-1	5	8	-1	3
991	Carum carvi	8	4	5	5	-1	6	1
992	Phyteuma nigrum	7	4	4	5	5	4
993	Poa chaixii	6	5	4	5	3	4
994	Centaurea nigra	8	4	2	5	3	4
995	Meum athamanticum	8	4	2	5	3	3
996	Pimpinella major ssp rubra	7	4	3	5	6	5
997	Astrantia major	6	4	4	6	8	5
998	Rhinanthus alectorolophus	8	-1	2	4	7	3
999	Melandrium rubrum	-1	-1	4	6	7	8
1000	Crepis aurea	8	2	4	5	5	7
1001	Poa alpina	7	3	5	5	-1	7
1002	Phleum alpinum	8	3	3	5	6	7
1003	Trifolium badium	8	2	4	6	8	-1
1004	Trifolium thalii	7	2	2	5	8	-1
1005	Trifolium pratense nivale	8	2	3	5	6	6
1006	Ligusticum mutellina	7	2	4	6	5	4
1007	Plantago atrata	8	3	4	7	8	5
1008	Ilex aquifolium	4	5	2	5	4	5
1009	Acer monspessulanum	6	8	4	3	8	4
1010	Ribes alpinum	5	4	4	-1	8	7
1011	Rubus canescens	9	8	5	4	7	5
1012	Sarothamnus scoparius	8	5	2	4	3	4
1014	Polygonatum odoratum	7	5	5	3	7	3
1015	Prunus mahaleb	7	7	4	3	8	2
1016	Corydalis solida	3	6	5	5	7	7
1017	Helleborus foetidus	5	7	2	4	8	3
1018	Coronilla emerus	7	6	4	3	9	2
1019	Euphorbia amygdaloides	4	5	3	5	8	5
1020	Agropyron junceum	9	6	3	6	7	7	7
1021	Honckenya peploides	9	6	-1	6	7	7	5
1022	Ammophila arenarius	9	6	3	4	7	5	1
1023	Eryngium maritimum	9	6	3	4	7	4
1024	Calystegia soldanella	8	6	2	4	7	5
1025	Ammocalamagrostis baltica	8	6	3	4	-1	2	1
1026	Festuca amethystina	6	5	4	3	8	2
1027	Rorippa sylvestris	6	6	3	8	8	6	1
1028	Veronica beccabunga	7	-1	3	10	7	6
1030	Tussilago farfara	8	-1	3	6	8	-1
1032	Arbutus unedo
1033	Lathyrus maritimus	8	6	4	4	7	3	1
1034	Dictamnus albus	7	8	4	3	8	2
1035	Castanea sativa	5	8	2	-1	4	-1
1036	Quercus cerris	6	6	4	4	5	3
1037	Vicia cassubica	6	6	4	4	5	3
1038	Dentaria enneaphyllos	4	4	4	5	7	7
1039	Symphytum tuberosum	4		4	6	7	5
1040	Arum alpinum
1041	Carex pilosa	4	6	5	5	5	5
1042	Inula conyza	6	6	2	4	7	3
1044	Populus nigra	5	6	6	8	7	7
1045	Populus euramericana	5	6	6	8	7	7
1046	Chelidonium major	6	6	-1	5	-1	8
1047	Senecio jacobaea	8	5	3	4	7	5
1049	Valeriana procurrens	7	6	4	8	6	6
1050	Cotoneaster integerrimus	8	-1	4	3	7	2
1051	Pinus nigra nigra	7	7	4	3	9	2
1053	Scrophularia nodosa	4	5	3	6	6	7
1054	Gentiana pneumonanthe	8	5	3	7	-1	1
1055	Senecio sylvaticus	8	6	3	5	5	8
1056	Carex supina	7	7	7	2	7	2
1057	Asparagus officinalis	6	6	7	3	-1	4
1058	Dianthus arenarius
1059	Lithospermum purpurocaeruleum	5	7	4	4	7	4
1060	Dentaria heptaphyllos	3	5	2	5	8	6
1061	Verbascum densiflorum	8	6	5	4	8	5
1062	Hypericum montanum	5	6	4	4	7	3
1063	Amelanchier ovalis	7	-1	4	3	-1	3
1064	Clematis vitalba	7	6	3	5	7	7
1065	Sedum telephium	7	6	-1	4	7	-1
1066	Satureja montana
1067	Acanthus longifolius
1068	Narcissus pseudonarcissus	5	4	2	6	4	4
1069	Acer tataricum
1070	Achillea coarctata
1071	Achillea clypeolata
1072	Achillea distans
1073	Aconitum anthora
1074	Adenophora lilifolia	7	6	6	6	8	2
1075	Adenophora taurica
1076	Anemone apennina
1077	Anemone sylvestris	7	7	7	3	7	3
1078	Aquilegia sternbergii
1079	Arabis hirsuta	7	5	3	4	8	-1
1080	Arabis pauciflora	4	7	4	3	8	3
1081	Arabis turrita	6	7	4	3	7	3
1082	Argyrolobium calycinum
1083	Aristolochia pallida
1084	Arum maculatum immaculatum	3	6	2	7	7	8
1085	Asparagus acutifolius
1086	Asparagus pseudoscaber
1087	Asparagus tenuifolius
1088	Asparagus verticillatus
1089	Asperula montana
1090	Asperula tenella
1091	Asphodeline liburnica
1092	Asplenium adiantum-nigrum serpentini	6	5	4	5	6	1
1093	Asyneuma anthericoides
1094	Asyneuma canescens
1095	Athamanta hungarica
1096	Bromus erectus pannonicus
1097	Bupleurum praealtum
1098	Campanula bononiensis	7	6	6	3	8	2
1099	Campanula cervicaria	6	6	5	5	8	4
1100	Campanula divergens
1101	Campanula grosseckii
1102	Campanula rapunculoides	6	6	4	4	7	4
1103	Campanula rapunculus	7	7	2	3	7	4
1104	Campanula sphaerotrix
1105	Carduus collinus
1106	Carex brevicollis
1107	Carex halleriana	6	8	2	3	8	3
1108	Carex michelii	7	6	5	3	6	3
1109	Carex pairaei
1110	Carex pediformis
1111	Carex tomentosa	7	6	5	7	9	-1
1112	Carpinus orientalis
1113	Celtis australis
1114	Celtis glabrata
1115	Centaurea salonitana
1117	Chrysanthemum macrophyllum
1118	Cirsium pannonicum
1119	Cistus tauricus
1120	Clematis flammula
1121	Clematis recta	6	7	5	3	8	3
1122	Verbascum lychnitis	7	6	5	3	7	3
1123	Cnidium silaifolium
1124	Colutea arborescens	5	8	3	3	8	2
1125	Tragopogon dubius	8	7	4	4	8	4
1126	Colutea orientalis
1127	Cornus mas	6	7	4	4	8	4
1128	Coronilla cretica
1129	Coronilla elegans
1130	Coronilla scorpioides
1131	Senecio erucifolius	8	6	4	3	8	4
1132	Cotinus coggygria	7	8	4	3	7	3
1133	Cotinus coggygria pubescens
1134	Cotoneaster melanocarpa
1135	Cotoneaster intermedia
1136	Cotoneaster taurica
1137	Cotoneaster tomentosa	7	5	4	3	9	2
1139	Crataegus orientalis
1141	Crepis nicaeensis	8	6	4	4	7	6	1
1142	Crepis praemorsa	6	7	6	3	9	3
1143	Crucianella angustifolia oxyloba
1144	Cyclamen repandum
1146	Cynoglossum hungaricum
1147	Cytisus austriacus
1148	Cytisus albus
1149	Cytisus decumbens
1150	Cytisus falcatus
1151	Cytisus hirsutus leucotrichus
1152	Cytisus purpureus
1153	Cytisus ratisbonensis
1154	Cytisus ruthenicus
1155	Cytisus sessilifolius
1156	Scorzonera purpurea	8	7	6	2	8	2
1157	Daphne blagayana
1158	Daphne cneorum	6	5	4	4	8	2
1159	Delphinium cuneatum
1160	Delphinium fissum
1161	Dianthus banaticus
1162	Dianthus giganteus
1163	Dianthus leptopetalus
1164	Dianthus marschalii
1165	Dianthus monspessulanus
1166	Dianthus rehmanni
1167	Dictamnus gymnostylis
1168	Digitalis lanata
1169	Doronicum hungaricum
1170	Echinops bannaticus
1171	Eryngium palmatum
1172	Erysimum diffusum
1173	Erysimum pannonicum	9	7	5	2	8	2
1174	Euonymus latifolia	4	6	4	5	8	5
1175	Euonymus verrucosa	5	6	8	4	7	3
1176	Euphorbia angulata
1177	Euphorbia polychroma	6	7	5	3	8	2
1178	Ferula heuffelii
1179	Ferula sadleriana
1180	Ferulago galbanifera
1181	Ferulago sylvatica
1183	Fraxinus ornus	5	8	4	3	8	3
1184	Fritillaria tenella
1185	Galium cruciata	7	5	5	6	6	7
1186	Galium flavicans
1187	Galium lucidum	7	6	4	3	8	2
1189	Galium pseudoaristatum
1190	Galium schultesii	5	5	5	4	7	4
1191	Galium coronatum
1192	Genista involucrata
1193	Genista januensis
1194	Genista lydia
1195	Genista ovata
1196	Genista tinctoria elata	8	6	3	6	6	1
1197	Glechoma hirsuta
1198	Haplophyllum biebersteinii
1199	Helleborus multifidus
1200	Helleborus odorus
1201	Hesperis steveniana
1202	Hieracium bauhini	9	7	4	3	7	1
1203	Hieracium racemosum	7	6	4	4	5	2
1204	Hierochloe australis	5	7	5	3	8	2
1205	Hierochloe odorata	6	6	7	9	4	2
1206	Himantoglossum hircinum	7	7	2	3	9	2
1207	Hypericum elegans	7	7	6	3	9	2
1208	Hypericum perforatum angustifolium	7	6	5	4	6	4
1209	Hypericum rochelii
1210	Inula bifrons
1211	Inula candida aschersoniana
1212	Inula ensifolia
1213	Inula germanica	8	7	6	3	8	2
1214	Inula hirta	7	6	6	3	8	3
1215	Inula spiraeifolia	8	7	6	3	9	2
1216	Iris graminea pseudocyperus
1217	Iris hungarica
1218	Iris flavissima
1219	Iris variegata	7	7	6	3	-1
1220	Jasione dentata
1221	Juniperus exelsa
1222	Juniperus isophylla
1223	Juniperus oxycedrus
1224	Lactuca quercina chaixii	5	7	5	4	8	3
1225	Lactuca perennis	9	7	4	2	8	2
1226	Lactuca viminea	6	7	5	3	7	3
1227	Lapsana communis	5	6	3	5		7
1228	Laser trilobum	7	6	4	4	9	2
1229	Laserpitium garganicum
1230	Laserpitium hispidum
1231	Laserpitium nestleri
1232	Laserpitium siler	7	-1	2	4	9	2
1233	Lathyrus inermis	7	8	4	4	9	3
1234	Lathyrus latifolius	7	8	4	4	9	3
1235	Lathyrus rotundifolius
1236	Lathyrus pannonicus collinus	8	7	6	3	9	2
1237	Lathyrus venetus
1238	Leucanthemum subglaucum
1239	Leontodon incanus	7	-1	4	3	9	2
1240	Libanotis pyrenaica
1241	Libanotis pyrenaica sibirica
1242	Limodorum abortivum	6	7	3	4	8	3
1243	Linaria genistifolia
1244	Lithospermum officinale	6	6	5	5	8	5
1245	Lonicera caprifolium	7	7	4	4	8	2
1246	Lychnis coronaria
1247	Malus sylvestris	7	6	3	5	7	5
1248	Medicago falcata glutinosa	8	6	7	3	9	3
1249	Melampyrum cristatum	7	7	5	3	8	2
1250	Quercus petraea dalechampii
1251	Quercus petraea polycarpa
1252	Melica altissima
1253	Melica picta	5	8	4	4	6	4
1254	Melilotus tauricus
1255	Melittis melissophyllum	5	7	2	4	6	3
1256	Mercurialis ovata	5	7	4	4	7	5
1257	Nectaroscordium siculum dioscoridis
1258	Nepeta pannonica	8	7	6	2	7
1260	Ononis adenostrycha
1262	Onosma taurica
1263	Onosma tornense
1264	Quercus frainetto
1265	Orchis purpurea	5	7	4	4	8	3
1266	Orchis simia	8	8	2	3	8	2
1267	Orlaya platycarpos
1268	Oryzopsis holciformis
1269	Oryzopsis viriscens
1270	Ostrya carpinifolia	4	8	5	4	-1	5
1271	Paeonia decora
1272	Paeonia peregrina
1273	Paeonia tenuifolia
1274	Stachys scardica	7	8	4	3	7	-1
1275	Peucedanum alsaticum	7	7	6	4	9	3
1276	Peucedanum arenarium neumayerii
1279	Picris hieracioides	8	-1	5	4	8	4
1280	Peucedanum ruthenicum
1281	Phlomis tuberosa
1282	Physocaulis nodosus
1283	Physospermum aquilegifolium
1284	Pinus nigra austriacus
1285	Pinus nigra pallasiana
1286	Pistacia mutica
1287	Pinus heldreichii leucodermis
1288	Polygonum dumetorum	6	6	4	5	-1	7
1289	Potentilla astracanica
1290	Potentilla carniolica
1291	Potentilla micrantha	5	7	4	4	8	4
1292	Potentilla recta	9	7	5	3	5	2
1293	Prunus fruticosa	8	8	8	3	8	-1
1294	Prunus tenella
1295	Pulmonaria angustifolia	5	7	4	5	6	3
1296	Pulmonaria mollis mollissima	5	5	4	5	8	5
1297	Pyrus amygdaloides
1298	Pyrus eleagnifolia
1299	Pyrus pyraster
1300	Plantago arenaria	8	7	5	4	7	5
1301	Orobanche arenaria	7	8	5	3	-1	1
1302	Quercus robur pedunculiflora
1303	Rhamnus rupestris
1304	Rosa dumetorum	8	6	4	4	7	5
1305	Rosa gallica	7	7	4	4	7	4
1306	Rosa pimpinellifolia	8	6	5	4	8	3
1307	Rubia peregrina	6	9	1	4		3
1309	Ruscus aculeatus
1310	Salvia amplexicaulis
1311	Salvia grandiflora
1312	Salvia ringens
1313	Salvia sibthorpii
1314	Saponaria glutinosa
1315	Satureja acinos
1316	Satureja hungarica
1317	Satureja sylvatica
1318	Satureja vulgaris
1319	Scabiosa banatica
1320	Scabiosa columbaria pseudobanatia
1321	Scabiosa grammuntia	8	7	5	2	5	2
1322	Scutellaria pallida
1323	Scutellaria pichlerii
1324	Sedum maximum	8	6	-1	4	7	-1
1325	Serratula lycopifolia
1326	Serratula radiata
1327	Seseli dichotomum
1328	Seseli peucedanifolium
1329	Sesleria autumnalis
1330	Silene compacta
1332	Silene italica ssp nemoralis	7	6	4	-1	8	-1
1334	Silene otites densiflora
1335	Silene viridiflora
1336	Sorbus aria cretica
1337	Sorbus domestica	4	8	4	4	8	3
1338	Spiraea crenata
1339	Spiraea litwinowii
1340	Spiraea media
1341	Spiraea pikoviensis
1342	Spiraea polonica
1343	Stachys angustifolia
1344	Stachys recta leucoglossa	7	6	4	3	9	2
1346	Staphylea pinnata	7	7	4	5	8	4
1347	Symphytum bulbosum	5	8	3	5	6	7
1348	Symphytum ottomanum
1349	Symphytum tuberosum nodosum	4	-1	4	6	7	5
1350	Saxifraga sponhemica	7	6	2	4	5	2
1351	Syringa vulgaris
1352	Tamus communis	6	8	2	5	8	5
1353	Onosma arenaria	7	8	6	3	8	1
1354	Juglans regia	5	7	4	6	7	7
1355	Geranium molle	7	6	3	4	5	4
1356	Asplenium alternifolium	7	4	4	4	3	2
1357	Asplenium septentrionale	8	-1	4	3	2	2
1358	Festuca duvalii	9	8	7	1	8	1
1359	Tilia argentea
1360	Trifolium diffusum
1361	Asplenium adulterinum	7	4	4	5	6	1
1362	Valeriana saxatiles	7	2	4	4	9	2
1363	Euphrasia stricta	8	-1	4	4	-1	2
1364	Carex mucronata	6	3	4	3	9	1
1365	Crepis capillaris	7	6	2	5	6	4
1366	Valeriana officinalis	7	6	5	8	7	5
1367	Veratrum nigrum
1368	Verbascum austriacum
1369	Kernera saxatiles	7	3	2	3	9	2
1370	Potentilla caulescens	8	3	4	3	8	3
1371	Saxifraga paniculata	7	3	3	3	8	2
1372	Hieracium humile	8	3	4	4	7	1
1373	Cardaminopsis petraea	7	2	2	3	8	1
1374	Draba aizoides montana	8	-1	4	3	9	1
1375	Vicia dasycarpa
1376	Carex brachystachys	5	2	2	7	9	2
1377	Festuca alpina	8	1	2	3	9	1
1378	Viola alba	5	7	4	5	7	6
1379	Androsace helvetica		2	4	-1	8	2
1380	Cynodon dactylon	8	7	3	4	-1	5
1381	Salix elaeagnos	7	5	2	7	8	4
1382	Viola suavis
1383	Hieracium piloselloides	9	6	4	4	8	2
1384	Epilobium dodonaei	9	-1	5	4	9	2
1386	Agropyron intermedium	7	6	6	3	7	3
1388	Ajuga laxmanni
1389	Poa pratensis angustifolia	7	6	-1	-1	-1	3
1390	Vinca herbacea
1391	Alyssum murale
1392	Convolvulus cantabricus
1393	Allium flavum
1394	Salsola kali ruthenica	9	7	8	4	8	5	1
1395	Artemisia alba saxatilis
1396	Carex fritschii	6	7	4	4	5	4
1397	Centaurea atropurpurea
1398	Orlaya grandiflora	7	7	2	3	9	4
1399	Diplachne serotina
1400	Melica ciliata flavescens	8	7	4	2	7	2
1401	Isatis tinctoria praecox	8	7	7	3	8	3
1402	Hyacinthoides non-scripta	5	6	1	5	7	6
1403	Origanum vulgare	7	-1	3	3	8	3
1404	Cyclamen purpurascens	4	6	4	5	9	5
1405	Rosa arvensis	5	5	2	5	7	5
1406	Helleborus niger	3	5	4	5	8	4
1407	Daphne laureola	4	7	2	4	8	4
1408	Cardamine trifolia	3	4	4	6	8	7
1409	Anemone trifolia
1410	Dentaria pentaphyllos	3	5	2	5	7	6
1411	Omphalodes verna	4	6	4	5	7	6
1412	Calamintha grandiflora
1413	Aremonia agrimonoides	4	7	4	5	8	6
1414	Hieracium transsylvanicum
1415	Thelypteris limbosperma	4	4	2	6	3	5
1416	Rhododendron ponticum
1417	Homogyne sylvestris
1418	Erythronium dens-canis
1419	Luzula forsteri	4	8	2	4	5	2
1420	Homalothecium sericeum	8	3	5	2	7
1421	Asplenium ruta-muraria	8	-1	3	3	8	2
1422	Asplenium trichomanes	5	-1	3	5	-1	3
1423	Cymbalaria vulgaris	7	7	4	6	8	5
1424	Corispermum leptopterum	8	7	5	3	7	6
1425	Berteroa incana	9	6	7	3	6	4
1426	Odontitis luteus	7	7	5	3	9	2
1428	Bromus tectorum	8	6	7	3	8	4
1429	Silene conica	9	7	4	2	5	2
1430	Phleum arenarium	9	6	3	3	7	3	1
1431	Liparis loeselii	8	6	4	9	9	2
1432	Angelica archangelica	7	6	5	9	-1	9	1
1433	Euphorbia palustris	8	6	6	8	8	-1	1
1434	Xanthium alpinum	8	6	4	8	7	7	0
1435	Veronica longifolia	7	6	7	8	7	6
1436	Chenopodium rubrum	8	-1	-1	6	-1	9	1
1437	Aquilegia vulgaris	6	6	4	4	7	4
1438	Osmunda regalis	5	6	2	8	4	5
1439	Ribes vulgare sylvestre	4	6	7	8	6	6
1442	Tanacetum vulgare	8	6	4	5	8	5
1443	Solidago gigantea	8	6	5	6	-1	7
1444	Digitaria ischaemum	7	6	4	5	2	3
1445	Setaria viridis	7	6	-1	4	-1	7
1446	Chenopodium viride	8	6	6	4	6	7
1447	Artemisia vulgaris	7	6	-1	6	-1	8
1448	Setaria pumila	7	7	4	4	5	6
1449	Centaurea cyanus	7	6	5	-1	-1	-1
1450	Erodium cicutarium	8	6	5	4	-1	-1
1451	Matricaria maritima inodora	7	6	3	-1	6	6
1452	Polygonum convolvulus	7	6	-1	5	-1	6
1453	Viola arvensis	6	5	-1	-1	-1	-1
1454	Gnaphalium uliginosum	7	6	4	7	4	4
1455	Convolvulus arvensis	7	6	-1	4	7	-1
1456	Portulaca oleracea	7	8	3	4	7	7
1457	Urtica urens	7	6	-1	5	-1	8
1458	Spergula arvensis	6	5	3	5	3	6
1459	Raphanus raphanistrum	6	5	3	5	4	6
1460	Adonis flammae	6	6	6	3	9	3
1461	Scleranthus annuus	6	5	4	5	2	5
1462	Arnoseris minima	7	6	2	4	3	3
1463	Matricaria maritima	9	6	3	6	7	8	6
1464	Polygonum tomentosum	7	6	4	6	-1	8
1465	Allium vineale	5	7	3	4	-1	7
1466	Sinapis arvensis	7	5	3	-1	8	6
1467	Bidens tripartita	8	6	-1	9	-1	8
1468	Fumaria officinalis	6	6	3	5	6	7
1469	Sonchus asper	7	5	-1	6	7	7	1
1470	Veronica agrestis	6	6	2	6	7	7
1471	Euphorbia helioscopia	6	-1	3	5	7	7
1472	Sonchus oleraceus	7	6	-1	4	8	8
1473	Lamium hybridum	7	6	4	5	7	7
1474	Chrysanthemum segetum	7	6	2	5	5	5
1475	Veronica persica	6	-1	3	5	7	7
1476	Atriplex patula	6	6	-1	5	7	7
1477	Mercurialis annua	7	7	3	4	7	8
1478	Thlaspi arvense	6	5	-1	5	7	6
1479	Chenopodium polyspermum	6	6	4	6	-1	8
1480	Matricaria chamomilla	7	6	5	5	5	5
1481	Papaver rhoeas	6	6	3	5	7	6
1482	Sonchus arvensis	7	5	-1	5	7	-1	1
1483	Lamium amplexicaule	6	6	5	4	7	7
1484	Senecio vulgaris	7	-1	-1	5	-1	8
1485	Lycopsis arvensis	7	6	6	4	-1	4
1486	Geranium pusillum	7	6	5	4	-1	7
1487	Anagallis arvensis	6	6	3	5	-1	6
1488	Galinsoga parviflora	7	6	3	5	5	8
1489	Erysimum cheiranthoides	7	5	-1	5	7	7
1490	Viola hirsuta
1491	Veronica polita	5	6	3	4	8	7
1492	Melandrium noctiflorum	7	6	4	3	8	5
1493	Oxalis stricta	7	7	3	5	6	5
1494	Stachys arvensis	7	6	2	5	3	6
1495	Lathyrus aphaca	7	7	3	3	8	3
1496	Apera spica-venti	6	6	4	6	5	-1
1497	Vicia angustifolia	5	6	3	-1	-1	-1
1498	Vicia hirsuta	7	6	5	4	-1	4
1499	Papaver dubium	6	6	3	4	5	5
1501	Veronica triphyllos	6	7	3	4	-1	4
1502	Lupinus luteus
1503	Aphanes arvensis	6	6	2	6	-1	5
1504	Papaver argemone	6	6	2	4	5	5
1505	Lithospermum arvense	5	6	5	-1	7	5
1506	Myosurus minimus	8	7	5	7	6	5
1507	Ranunculus arvensis	6	6	3	4	8	-1
1508	Peplis portula	8	6	3	7	3	2
1509	Illecebrum verticillatum	8	7	2	7	3	2
1510	Spergularia echinosperma	8	6	4	7	7	8
1511	Scirpus setaceus	6	5	2	9	5	3
1512	Solanum nigrum	7	6	3	5	7	8
1513	Panicum crus-galli	6	7	5	5	-1	8
1514	Amaranthus retroflexus	8	7	6	4	7	7	1
1515	Digitaria sanguinalis	7	7	3	4	5	5
1516	Rorippa islandica	7	-1	-1	8	-1	8
1517	Adonis aestivalis	6	6	7	3	8	3
1518	Kickxia spuria	7	7	2	4	7	3
1519	Neslia paniculata	6	6	5	4	8	4
1520	Sherardia arvensis	6	6	3	4	7	5
1521	Iberis amara	7	7	2	4	8	3
1522	Delphinium consolida	6	7	6	4	8	5
1523	Polygonum aviculare heterophyllum	7	6	-1	4	-1	6	1
1524	Vicia angustifolia segetalis	5	6	3	-1	-1	-1
1525	Aethusa cynapium agrestis	7	7	3	4	9	5
1526	Agropyron repens arenosus
1527	Senecio vernalis	7	6	6	4	7	6	1
1528	Crepis tectorum	8	6	7	4	-1	6
1529	Melilotus albus	9	6	6	3	7	4
1530	Conyza canadensis	8	6	-1	4	-1	5
1531	Hippophae rhamnoides	9	6	6	4	8	3
1532	Salix arenaria	9	6	4	6	7	3
1533	Armeria halleri	9	-1	2	3	6	1
1534	Minuartia verna	9	4	5	3	-1	1
1535	Epilobium lanceolatum	8	7	3	4	3	3
1536	Galeopsis segetum	7	6	2	4	3	3
1537	Cetraria cucullata	9	2	6	8	2	1
1538	Thamnolia vermicularis	8	1	6	8	2	1
1539	Linum leonii	8	6	3	3	6	-1
1540	Festuca rubra litoralis
1541	Artemisia maritima	9	6	-1	5	-1	7	5
1542	Halimione portulacoides	9	6	-1	7	-1	7	8
1543	Limonium vulgare	9	6	2	6	5	4	6
1544	Schoenus nigricans	9	6	3	9	9	2	1
1545	Carex hostiana	8	5	2	9	6	2	0
1546	Carex davalliana	9	4	4	9	8	2	0
1547	Silene exscapa	9	1	5	4	2	1
1548	Saxifraga oppositifolia	8	2	3	5	8	2
1549	Minuartia sedoides	9	1	2	4	4	1
1552	Draba hoppeana	8	1	5	5	7	2
1553	Draba dubia	8	2	5	3	-1	2
1554	Draba fladnizensis	9	2	7	5	6	2
1555	Trisetum spicatum	9	1	4	5	7	1
1556	Braya alpina
1557	Artemisia genipi	8	1		6	8
1558	Erigeron uniflorus	9	1	5	5	-1	2
1559	Comastoma nanum
1560	Minuartia gerardii	9	2	7	5	7	2
1561	Pyrola rotundifolia	4	-1	5	6	5	3
1562	Carex dioica	9	4	-1	9	-1	2	0
1563	Epipactis palustris	8	5	3	9	8	2	0
1570	Cryptogramma crispa	9	3	2	3	3	1
1573	Oxyria digyna	8	2	3	5	6	4
1574	Geum reptans	8	2	3	5	6	4
1575	Saxifraga aphylla	8	2	3	5	6	4
1576	Arabis alpina	8	2	3	5	6	4
1577	Sedum alpestre	8	2	3	5	6	4
1578	Ranunculus flammula gracilis
1579	Saxifraga aizoides	8	2	3	5	6	4
1580	Leontodon hispidus hyoseroides	8	2	3	5	6	4
1581	Gypsophila repens	8	2	3	5	6	4
1582	Trisetum distichiphyllum	8	2	4	5	9	2
1583	Rumex scutatus	8	-1	2	4	7	3
1584	Hieracium staticifolium	9	4	4	4	8	2
1585	Thlaspi rotundifolium	9	2	4	5	9	3
1586	Crepis terglouensis	9	1	4	5	9	3
1587	Festuca rupicaprina	8	1	4	5	8	2
1588	Poa minor	8	2	2	5	8	3
1589	Moehringia ciliata	9	2	4	5	7	2
1590	Cerastium uniflorum	9	1	4	5	-1	3
1591	Sesleria ovata	8	1	4	5	8	2
1592	Leontodon montanus	8	2	4	5	9	3
1593	Heliosperma quadridentata	8	3	4	9	9	2
1594	Cystopteris montana	4	-1	4	7	9	2
1595	Cystopteris alpina	6	3	3	7	8	3
1596	Cystopteris fragilis	5	-1	3	7	8	4
1597	Phyllitis scolopendrium	4	5	2	5	8	4
1598	Chrysanthemum halleri	9	2	4	5	9	2
1599	Achillea atrata	9	2	4	5	8	3
1600	Petasites paradoxus	8	3	4	6	8	3
1601	Hutchinsia alpina	8	2	2	5	9	2
1602	Athamanta cretensis	9	3	4	4	9	2
1603	Dryopteris villarii	9	2	2	5	9	3
1604	Doronicum grandiflorum	8	2	4	5	9	3
1605	Galeopsis angustifolia	8	7	4	2	8	4
1606	Scrophularia canina	8	8	2	4	8	3
1628	Thesium rostratum	6	5	5	3	9	2
1629	Carex umbrosa	4	-1	4	5	6	4
1630	Seseli hippomarathrum	9	8	6	2	9	1
1631	Stellaria graminea	6	-1	-1	4	4	3
1632	Draba tomentosa	9	1	4	2	9	2
1633	Alyssum montanum gmelinii	9	6	4	2	7	1
1634	Frullania dilatata	8	3	5	4	7
1635	Tortula muralis	8	5	5	1	-1
1636	Hieracium laevigatum	7	5	3	5	2	2
1637	Biscutella laevigata	8	-1	4	-1	7	2
1638	Cladonia chlorophaea	7	-1	6	-1	-1	2
1639	Cladonia subrangiformis	8	7	3	-1	8	2
1640	Hieracium aurantiacum	8	3	5	5	4	2
1641	Hieracium fuscum	8	4	4	5	3	2
1642	Hieracium hoppeanum	8	3	4	5	4	2
1643	Hieracium glaciale	8	1	4	5	1	1
1644	Veronica bellidioides	8	2	4	4	1	1
1645	Antennaria carpatica	8	2	-1	5	6	2
1646	Stellaria crassifolia	9	5	7	9	-1	3
1647	Eriophorum gracile	8	4	5	9	4	2
1648	Cicuta virosa	7	6	7	9	5	5
1649	Bryum pseudotriquetrum	7	-1	5	7	7
1650	Climacium dendroides	7	3	5	6	5
1651	Pedicularis foliosa	7	3	2	6	8	3
1652	Crepis bocconi	8	2	4	5	8	5
1653	Saxifraga caesia	8	2	4	3	9	2
1654	Chamorchis alpina	9	2	2	4	9	2
1655	Senecio doronicum	8	2	4	5	8	3
1656	Horminum pyrenaicum	9	2	4	5	9	2
1657	Nigritella nigra	8	2	4	4	6	2
1658	Cirsium tuberosum	7	6	2	6	8	3
1659	Distichum montanum
1660	Cardamine hirsuta	6	6	3	5	5	7
1661	Marchantia polymorpha	8	-1	5	6	5
1662	Neckera crispa	3	3	5	4	7
1663	Saxifraga stellaris	8	3	2	9	5
1664	Populus alba	5	7	7	7	8	6
1665	Carex pauciflora	9	3	5	9	1	1
1666	Sphagnum tenellum	9	3	4	8	2
1667	Gymnocolea inflata	-1	2	3	8	1
1668	Sphagnum angustifolium	7	3	6	7	2
1669	Sphagnum cuspidatum	9	3	6	8	1
1670	Riccia ciliifera	9	6	8	2	5
1671	Stipa stenophylla	8	7	8	3	6	2
1672	Orchis ustulata	7	5	5	4	-1	3
1673	Saxifraga androsacea	7	2	5	7	8	4
1674	Galium noricum	8	2	4	6	7	3
1675	Rubus saxatilis	7	-1	7	6	7	4
1676	Lasallia pustulata	8	5	5	3	5	6
1677	Cladonia coccifera
1678	Oenanthe lachenalii	8	7	2	8	8	7	3
1679	Anacamptis pyramidalis	8	7	2	3	9	2
1680	Tragopogon pratensis orientalis	7	6	3	4	7	6
1681	Campylium stellatum	8	2	6	7	7
1683	Sphagnum contortum	8	3	6	8	2
1684	Orchis mascula	6	-1	3	4	8	-1
1685	Spergularia marginata	7	6	-1	7	7	5	8
1686	Toninia coeruleonigricans	8	-1	6	-1	8	2
1687	Ribes nigrum	6	6	5	8	4	-1
1688	Fulgensia fulgens	9	9	6	1	8	2
1689	Salix starkeana	7	4	7	7	4
1690	Ranunculus carinthiacus	7	4	4	4	8	3
1691	Muscari botryoides	7	5	4	5	-1	-1
1692	Alchemilla glaucescens	7	4	4	5	4	3
1693	Gentiana campestris	8	-1	2	5	4	2
1694	Sempervivum arachnoideum montanum	9	3	4	2	2	1
1695	Blasia pusilla	8	3	6	8	4
1696	Conocephalum conicum	7	3	6	7	7
1697	Asperula taurina	5	7	-1	5	8	6
1700	Corydalis pumila
1701	Antennaria dioica	8	-1	-1	4	3	2
1702	Daphne striata	7	3	4	4	8	2
1703	Pinus mugo uncinata
1704	Juniperus sabina	7	4	6	3	7	2
1705	Acinos alpinus	9	3	3	5	9	2
1706	Gentiana bavarica	8	2	4	6	8	2
1707	Polygala amarella	8	3	4	4	8	2
1708	Anthriscus nitida	4	4	4	6	8	8
1709	Campanula latifolia	4	5	5	6	8	8
1710	Hesperis matronalis	6	5	6	7	7	7
1711	Asplenium scolopendrium	4	5	2	5	8	4
1712	Epilobium parviflorum	7	5	3	9	8	6
1713	Pulsatilla alba	8	4	4	5	2	2
1714	Viola lutea	8	6	3	4	8	1
1715	Gentiana pannonica	7	3	4	5	1	2
1716	Selinum pyrenaeum
1717	Arctostaphylos uva-ursi	6	-1	5	3	-1	2
1718	Cladonia rangiformis	8	6	3	5	7	7
1719	Campanula cespitosa	9	2	5	5	8	3
1720	Globularia cordifolia	9	3	4	4	9	2
1721	Globularia nudicaulis	7	2	2	4	8	3
1723	Rhodothamnus chamaecistus	6	3	4	5	8	2
1724	Rhododendron intermedium	7	3	4	5	6	2
1725	Clematis alpina	4	3	7	5	3	3
1726	Artemisia mutellina	9	2	6	3	4	2
1727	Geranium palustre	7	6	4	8	6	6
1728	Scutellaria hastifolia	7	7	6	8	7	5
1729	Veronica fruticans	8	2	2	4	-1	2
1730	Woodsia ilvensis	7	4	5	3	3	2
1731	Epilobium collinum	8	4	5	5	2	2
1732	Minuartia rupestris	8	1	4	2	8	2
1733	Crepis jacquinii	9	2	4	5	9	3
1737	Loiseleuria procumbens	7	3	4	6	2	2
1738	Alectoria ochroleuca	8	1	6	8	2	1
1740	Phyteuma hemisphaericum	7	3	4	6	2	2
1741	Vaccinium gaultherioides	7	3	4	6	2	2
1742	Pulsatilla vernalis	7	3	4	6	2	2
1743	Rhynchospora alba	9	4	-1	9	4	3
1744	Rhynchospora fusca	9	4	-1	9	4	3
1745	Drosera intermedia	9	4	-1	9	4	3
1746	Aconitum tauricum	8	2	5	5	7	7
1747	Anarrhinum bellidifolium	8	7	2	4	4	3
1748	Asplenium billotii	6	7	2	4	2	3
1749	Scleranthus polycarpos	6	7	2	4	2	3
1750	Micromeria cristata
1751	Daphne pontica
1752	Arctostaphylos alpinus
1753	Ruscus hypoglossum
1755	Hypericum calycinum
1756	Cyclamen ibericum
1757	Epimedium pubigerum
1758	Monotropa hypopitys	4	-1	5	5	3	2	0
1759	Pinus peuce
1760	Dorycnium hirsutum
1761	Polygala alpestris	8	2	4	4	7	2	0
1762	Verbascum nicolai
1763	Potentilla australis
1764	Bromus fibrosus
1765	Oenanthe silaifolia
1766	Bornmuellera dieckii
1767	Bruckenthalia spiculifolia
1769	Hypericum richeri grisebachii
1770	Salix triandra	7	5	5	8	7	5	0
1772	Viola pumila	8	7	6	7	6	4
1773	Deschampsia media	8	7	2	8	7	4
1774	Sonchus palustris	7	6	6	8	7	7	1
1775	Senecio fluviatilis	7	7	5	9	7	8
1776	Cucubalus baccifer	6	6	4	9	8	7
1777	Cuscuta europaea	8	6	5	6	7	9
1779	Gratiola officinalis	7	7	6	8	6
1780	Scilla bifolia	5	7	5	7	7	6
1781	Luzula lutea	7	3	4	6	2	2
1782	Hieracium intybaceum	7	3	4	6	2	2
1783	Betula humilis	7	5	8	9	4	3
1784	Salix myrtilloides	6	4	8	9	4	2
1785	Pedicularis sceptrum carolinum	8	5	7	8	8	2	0
1786	Myricaria germanica	8	4	7	8	8	3
1789	Salix daphnoides	6	-1	4	8	8	4
1790	Galium mollugo	7	6	3	4	7	-1
1792	Bidens frondosa	7	6	-1	8	7	8
1795	Dentaria trifolia
1796	Thalictrum lucidum	7	-1	5	8	7	3
1797	Mentha longifolia	7	5	4	8	9	7
1798	Arabis nova
1799	Geranium divaricatum
1800	Sisymbrium strictissimum	6	7	4	6	8	7
1801	Veronica teucrium	7	6	5	3	8	2
1802	Chaerophyllum aureum	6	5	4	5	9	9
1804	Ballota nigra	8	6	5	5	-1	8
1805	Scopolia carniolica
1806	Pseudostellaria europaea
1807	Grimmia hartmannii	5	3	5	2	5	-1	-1
1808	Isothecium myosuroides	4	4	4	6	4	-1	-1
1809	Rhacomitrium heterostrichum	8	5	4	1	1	-1	-1
1810	Doronicum orientale
1811	Equisetum hyemale	5	5	5	7	7	6
1812	Knautia drymeia
1813	Scutellaria altissima
1814	Ornithogalum pyrenaicum	4	6	2	5	6	5
1815	Thelypteris palustris	5	6	-1	8	5	6
1816	Medicago carstiensis
1817	Primula vulgaris	6	5	2	5	7	5
1818	Hacquetia epipactis
1819	Vinca minor	4	6	2	5	7	6
1820	Poa stiriaca
1821	Pulmonaria stiriaca
1822	Hypericum hirsutum	7	6	4	5	8	7
1823	Platanthera bifolia	6	-1	3	5	7	-1
1824	Cephalanthera longifolia	5	5	3	4	6	4
1825	Astrantia bavarica	7	2	4	5	8	4
1826	Stachys alopecuros	7	2	4	5	8	3
1827	Cirsium carniolicum
1828	Phyteuma ovatum	7	3	4	6	7	6
1829	Isothecium alopecuroides	5	4	6	5	6	-1	-1
1830	Viscum album	7	6	3	-1	-1	-1
1831	Muscari neglectum	7	8	7	3	7	5
1832	Astragalus monspessulanus
1833	Astragalus onobrychis	8	7	6	2	9	1
1834	Ononis rotundifolia	7	7	7	3	8	2
1835	Laserpitium krapfii
1836	Oxytropis pilosa	9	7	7	1	7	1
1837	Euphorbia saxatilis
1838	Callianthemum anemonoides
1839	Galium austriacum
1840	Centaurea triumfetti	6	7	5	4	7	4
1841	Scorzonera austriaca	7	7	7	3	8	5
1842	Asperula aristata
1843	Laburnum alpinum
1844	Lilium carnoilium
1845	Euphorbia trifolia kerneri
1846	Laserpitium peucedanoides
1847	Festuca eggleri
1848	Knautia norica
1850	Thlaspi goesingense
1851	Persicaria alpina
1852	Avenula adsurgens
1854	Potentilla pusilla	9	6	4	2	8	1
1855	Myosotis sylvatica	6	-1	3	5	-1	7
1856	Cardamine flexuosa	6	5	2	8	4	5
1857	Chaerophyllum villarsii
1858	Senecio abrotanifolius	7	3	4	4	7	2
1859	Circaea x intermedia	4	5	2	7	7	6
1860	Equisetum pratense	5	4	7	6	7	2
1861	Hookeria lucens	2	3	3	7	6	-1	-1
1900	Quercus suber
1901	Abies borisii-regis
1902	Abies nordmanniana
1903	Erica arborea
1905	Fagus moesiaca
1906	Fagus orientalis
1907	Juniperus thurifera
1909	Pinus brutia
1910	Pinus canariensis
1911	Pinus halepensis
1912	Pinus pinea
1914	Populus canescens
1916	Quercus ilex
1919	Pistacia lentiscus
1920	Olea europaea
1921	Asparagus aphyllus
1922	Phillyrea latifolia
1923	Myrtus communis
1924	Brachypodium ramosum
1925	Rhamnus alaternus
1926	Ceratonia siliqua
1927	Euphorbia dendroides
1928	Smilax aspera
1929	Pistacia terebinthus
1930	Rumex tuberosus
1931	Calicotome villosa
1932	Cistus salvifolius
1933	Pulicaria odora
1934	Erica manipuliflora
1935	Cistus incanus
1936	Arbutus andrachne
1937	Quercus coccifera
1938	Laurus nobilis
1939	Lonicera implexa
1940	Rubus ulmifolius
1941	Fraxinus angustifolia
1942	Cyclamen linearifolium
1943	Pinus pinaster
1944	Paliurus spina-christi
1945	Geranium purpureum
1946	Stipa bromoides
1948	Calamintha clinopodium
1949	Quercus trojana
1950	Acer opalus obtusatum	5	8	4	4	8	6
1951	Peltaria emarginata
1952	Cercis siliquastrum
1953	Leontodon tuberosus
1954	Cephalaria flava
1955	Pulsatilla macedonica
1956	Peucedanum austracum
1957	Eryngium wiegandii
1958	Platanus orientalis
1959	Dracunculus vulgaris
1960	Arum italicum
1961	Vitis vinifera	6	8	4	6	8	6	0
1962	Poa silvicola
1964	Periploca graeca
1965	Tamarix parviflora
1966	Nerium oleander
1967	Pulicaria dysenterica	8	6	3	7	7	5	0
1968	Agrostis frondosa
1969	Ulmus procera
1970	Pyracantha coccinea
1971	Rubia tinctorum
1972	Vitex agnuscastus
1973	Juncus acutus
1975	Alisma plantago-aquatica	7	5	-1	10	-1		8
1976	Inula viscosa
1977	Catapodium rigidum	9	6	3	2	7	1	0
1978	Lathyrus laxiflorus
1979	Cytisus hirsutus hirsutus
1980	Galium laconicum
1981	Abies cephalonica
1982	Peucedanum officinale	8	5	4	2				7
1983	Cardamine graeca
1984	Aristolochia clematis	8	3	4	8				6
1985	Anemone blanda
1986	Crepis fraasii
1987	Ranunculus spuneranus
1988	Geranium lucidum
1989	Cyclamen graecum
1990	Genista subcapitata
1991	Sesleria latifolia
1992	Cleistogenes serotina
1993	Dasypyrum villosum
1994	Sisymbrium officinale	8	6	5	4	-1	7
1996	Cruciata glabra
1997	Crocus albiflorus
1998	Helleborus dumetorum
2000	Lamium orvala
2001	Leucojum aestivum	7	8	4	9	7	8	0
2002	Alisma lanceolatum	7	7	2	10	7	5
2003	Teucrium scordium
2004	Epimedium alpinum
2005	Vicia oroboides	6	5		5	8		0
2006	Rubus hirtus
2008	Staehelina unifosculosa
2009	Ranunculus lanuginosus	3	6	4	6	7	7	0
2010	Hypericum umbellatum
2012	Saxifraga lasiophylla
2013	Festuca drymeia
2014	Laurocerasus officinalis
2015	Acer hyrcanum
2016	Corylus colurna
2018	Sesleria rigida
2019	Galium purpureum
2021	Achnatherum calamagrostis	9	6	4	3	8	2
2022	Dianthus petraeus
2023	Seseli rigidum
2024	Koeleria arenaria
2025	Dryopteris cristata
2026	Polystichum setiferum
2027	Teucrium cuneifolium
2028	Wulfenia carinthiaca
2029	Doronicum columnae
2030	Melissa officinalis
2031	Myrica gale	8	6	2	9	3	3
2032	Anemone narcissiflora	8	3	2	5	7	4
2033	Digitalis purpurea	7	5	2	5	3	6
2034	Schistidium apocarpum	7	-1	3	3	-1	2
2035	Preissia quadrata	-1	2	6	7	9
2036	Dicranum fuscescens
2037	Dicranum majus
2038	Dicranum montanum
2039	Barbilophozia barbata	7	3	6	4	5
2040	Barbilophozia hatcheri	6	2	6	6	2
2041	Cephaloziella divaricata	9	-1	5	2	4
2042	Brachythecium salebrosum	6	4	5	4	6
2043	Carex vaginata	8	3	6	9	-1	2	0
2045	Lactuca alpina
2046	Linneaea borealis	5	-1	5	5	2	2	0
2047	Cornus suecica
2048	Listera ovata	6	-1	3	6	7	7	0
2049	Brachythecium oedipodium	3	4	7	6	3
2050	Goodyera repens
2051	Brachythecium starkei	6	1	6	6	2
2052	Doronicum austriacum
2053	Cardamine chelidonia
2054	Luzula nivea
2055	Saxifraga cuneifolia
2056	Plagiothecium undulatum	2	6	6					5
2057	Phleum rhaeticum	-1	5	5	7				7
2058	Campanula serrata	-1	4	5	3				8
2059	Soldanella carpatica	-1	4	5	3				8
2063	Salix pentandra	7	5	7	8	6	4
2064	Alchemilla monticola
2065	Anthoxanthum alpinum
2066	Heracleum austriacum	8	4	5	4				8
2067	Homogyne discolor	8	1	4	7	8	5	0
2068	Euphrasia officinalis
2069	Euphrasia officinalis rostkoviana
2080	Ulmus campestre	7	4	5	6				5
2081	Polygonum nodosum	6	6	4	8	-1	8
2083	Bromus sterilis	7	6	4	4	-1	5
2084	Sisymbrium sophia	8	6	7	4	-1	6
2085	Atriplex sagittata	9	7	7	-1	7	7
2087	Lepidium ruderale	9	6	7	4	-1	6
2089	Anchusa officinalis	9	7	5	3	7	5
2090	Onopordum acanthium	9	7	6	4	7	8
2091	Carduus acanthoides	9	5	6	4	8	7
2093	Eleocharis quinqueflora	8	-1	3	9	7	2	1
3000	Acorus calamus	8	6	5	10	7	7
3001	Acrocladium cuspidatum	8	3	5	7	7
3002	Aegopodium podagraria	5	5	3	6	7	8
3003	Agrostis canina	9	5	5	9	3	2
3004	Agrostis gigantea	7	5	3	8	7	6
3005	Agrostis stolonifera	8	-1	5	7	-1	5
3006	Aldrovanda vesiculosa	5	8	4	12	7	4	0
3007	Alnus glutinosa	5	5	3	9	6	-1	1
3008	Alopecurus geniculatus	9	6	3	8	7	7	2
3009	Andromeda polifolia	9	4	5	9	1	1
3010	Angelica sylvestris	7	-1	4	8	-1	-1
3011	Apium inundatum	7	6	2	10	-1	2	0
3012	Apium nodiflorum	7	8	3	10	-1	6	1
3013	Armeria purpurea
3015	Aulacomnium palustre	7	2	6	7	3
3016	Azolla caroliniana	7	7	2	11		7	0
3017	Azolla filiculoides	6	8	3	11	-1	8	0
3018	Baldellia ranunculoides	8	6	1	10	-1	2	1
3020	Berula erectum	8	6	3	10	8	6	1
3021	Bryum schleicheri	9	2	7	8	6
3022	Bryum weigelii	8	2	6	8	4
3023	Butomus umbellatus	6	6	5	10-	-1	7
3024	Calamagrostis canescens	6	6	5	9	6	5
3025	Calamagrostis pseudophragmites	8	6	8	7	9	3
3026	Calamagrostis stricta	9	5	-1	9	-1	2
3027	Calamagrostis varia	7	3	4	5	8	3
3028	Caldesia parnassiifolia
3029	Callitriche cophocarpa	8	-1		10	8	5
3030	Callitriche hamulatae	8	4	2	10-	6	4	0
3031	Callitriche obtusangula	8	6		11	7	7	1
3032	Callitriche palustris	6	-1	-1	11	5	4	0
3033	Callitriche platycarpa	7	6	2	11	7	7	0
3034	Callitriche stagnalis	6	5		10	6	4	1
3035	Calluna vulgaris	8	-1	3	-1	1	1
3036	Caltha palustris	7	-1	-1	9	-1	-1
3037	Cardamine armara	7	-1	4	9	6	4
3038	Cardamine pratensis	4	-1	-1	6	-1	-1
3039	Carex acutiformis	7	-1	3	9	7	5
3040	Carex appropinquata	8	5	5	9	9	4
3041	Carex bicolor
3042	Carex bohemica	9	6	5	8=	6	4	0
3043	Carex brizoides	6	5	4	6	4	3
3044	Carex buekii	8	6	6	8	8	6	0
3045	Carex canescens	7	4	-1	9	4	2
3046	Carex cespitosa	6	6	7	9	6	4	0
3047	Carex chordorrhiza	9	5	7	9	4	3	0
3048	Carex diandra	8	6	7	9	6	3
3049	Carex disticha	8	6	-1	9	8	5	1
3050	Carex echinata	8	-1	3	8	3	2
3051	Carex elata	8	-1	2	10	-1	5
3052	Carex flacca	7	-1	3	6	8	-1	1
3054	Carex nigra	8	-1	3	8	3	2	1
3055	Carex gracilis	7	5	7	9	6	4
3056	Carex lasiocarpa	9	4	-1	9	4	3
3057	Carex maritima
3058	Carex oederi	8	-1	3	9	-1	2	2
3059	Carex oenensis
3060	Carex panicae	8	-1	3	8	-1	4	1
3061	Carex pseudocyperus	7	6	3	9	6	5
3062	Carex remota	3	5	3	8	-1	-1
3063	Carex riparia	7	6	3	9	7	4
3064	Carex rostrata	9	-1	-1	10	3	3
3065	Carex vesicaria	7	4	-1	9	6	5
3066	Carex vulpina	9	6	5	8	-1	5
3067	Catoscopium nigritum	9	2	6	8	9
3068	Centaurium pulchellum
3069	Ceratophyllum demersum	6	7	-1	12	8	8	0
3070	Ceratophyllum submersum	5	8	5	12	8	7	0
3071	Chorda filum
3072	Chrysosplenium alternifolium	4	4	5	8	7	5
3073	Chrysosplenium oppositifolium	6	5	2	9	5	5
3074	Cirsium palustre	7	5	3	8	4	3
3075	Cladium mariscus	9	6	3	10	9	3	0
3076	Cochlearia pyrenaica
3077	Comarum palustre	8	-1	-1	9	3	2
3078	Calystegia sepium	8	6	5	6	7	9
3079	Cratoneuron commutatum	8	-1	5	8	8
3080	Cratoneuron filicinum	7	-1	5	7	7
3081	Cyperus flavescens	9	6	4	7	-1	4	0
3082	Cyperus fuscus	9	6	4	7	-1	4	0
3083	Deschampsia cespitosa	6	-1	-1	7	-1	3
3084	Deschampsia rhenana
3086	Diobelon squarrosum
3087	Drepanocladus aduncus	8	-1	5	8	7
3088	Drepanocladus exannulatus	9	2	6	8	2
3089	Drepanocladus intermedius	9	-1	6	7	8
3090	Drepanocladus revolvus	9	-1	6	7	5
3091	Eleocharis acicularis	7	6	3	10	-1	2	0
3092	Eleocharis multicaulis	8	6	1	10	-1	2	1
3094	Eleocharis palustris	8	-1	-1	10	-1		0
3095	Eleocharis parvula	7	6	5	10	7	5	1
3096	Elodea canadensis	7	6	5	12	7	7	0
3097	Epilobium hirsutum	7	5	5	8	8	8	1
3098	Epilobium palustre	7	5	-1	9	3	3
3099	Equisetum fluviatile	8	4	-1	10	-1	4
3100	Equisetum sylvaticum	3	4	-1	7	5	4
3101	Equisetum telmateia	5	6	2	8	8	5
3102	Equisetum variegatum	8	3	7	9	8	2
3103	Eleocharis quinqueflora	8	-1	3	9	7	2	1
3104	Erica carnea	7	-1	3	3	-1	2
3105	Eriophorum angustifolium	8	-1	-1	9	4	2
3106	Eriophorum latifolium	8	-1	3	9	8	2
3107	Eriophorum scheuchzeri	9	2	-1	9	4	2	0
3108	Eriophorum vaginatum	7	-1	-1	9	2	1
3109	Eucladium verticillatum	5	7	5	7	9
3110	Filipendula ulmaria	7	5	-1	8	-1	4
3111	Fontinalis antipyretica	8	-1	5	9	6
3112	Fontinalis squamosa	8	4	4	9	6
3113	Galeopsis bifida	7	5	5	5	6	6
3114	Galium palustre	6	5	3	9	-1	4
3115	Galium uliginosum	6	5		8	-1	-1
3116	Gentiana utriculosa
3117	Geum rivale	6	-1	5	8	-1	4
3118	Glyceria fluitans	7	-1	3	9	-1	7
3119	Glyceria maxima	9	5	-1	10	8	8
3120	Glyceria plicata	8	5	3	10	8	8	0
3121	Hippuris vulgaris	7	5	-1	108	-1	0
3122	Homogyne alpina	6	4	2	6	4	2
3123	Hottonia palustris	7	6	5	12	5	4	0
3124	Hydrocharis morsus-ranae	7	6	4	11	7	6	0
3125	Hydrocotyle vulgaris	7	5	2	9	3	2	1
3126	Impatiens noli-tangere	4	5	5	7	7	6
3127	Inula britannica	8	6	5	7	8	5	2
3128	Inula salicina	8	6	5	6	9	2	1
3129	Iris pseudacorus	7	6	3	9	-1	7
3130	Isoetes lacustris	7	4	2	12	4	1	0
3131	Juncus acutiflorus	9	6	2	8	5	3
3132	Juncus articulatus	8	-1	3	9	-1	2	1
3133	Juncus bufonius	7	5	-1	7	3	4
3134	Juncus bulbosus	6	6	2	10	5	2	0
3135	Juncus effusus	8	5	3	7	3	4
3136	Juncus filiformis	7	4	5	9	4	3
3137	Juncus inflexus	8	5	3	7	8	4	1
3138	Juncus squarrosus	8	5	2	7	1	1
3139	Juncus subnodulosus	8	6	2	9	8	4	2
3140	Kobresia simpliciuscula	9	1	7	9	8	1	0
3141	Lathyrus palustris	8	6	-1	8	8	3
3142	Ledum palustre	6	5	7	9	2	2
3143	Leersia oryzoides	8	6	3	10	8	8	0
3144	Lemna gibba	8	6	3	11	8	8	1
3145	Lemna minor	7	5	3	11	-1	6	1
3146	Lemna pauciostata
3147	Lemna trisulca	7	6	3	12	7	5	1
3148	Limosella aquatica	7	6	3	8	7	3	0
3149	Lindernia procumbens	9	7	5	8	7	6	0
3150	Littorella uniflora	7	5	2	10	7	2	1
3151	Lobelia dortmanna	7	5	2	10	5	1	0
3152	Luronium natans
3153	Lycopus europaeus	7	6	5	9	7	7
3154	Lysimachia nemorum	2	5	2	7	7	7
3155	Lysimachia nummularia	4	6	4	6	-1	-1
3156	Lysimachia thyrsiflora	7	6	1	9	-1	3
3157	Lysimachia vulgaris	6	-1	-1	8	-1	-1
3158	Lythrum salicaria	7	5	5	8	6	-1	1
3159	Marsilea quadrifolia
3160	Mentha aquatica	7	5	3	9	7	5
3161	Menyanthes trifoliata	8	-1	-1	9	-1	3
3162	Mnium seligeri	-1	2	6	7	6
3163	Molinia caerulea	7	-1	3	7	-1	1
3164	Montia fontana	8	4	2	9	5	4	0
3165	Myosotis palustris	7	-1	5	8	-1	5
3166	Myosotis scorpioides
3167	Myriophyllum alterniflorum	7	5	2	12	6	3	0
3168	Myriophyllum spicatum	5	6	-1	12	9	7
3169	Myriophyllum verticillatum	5	6	5	12	7	8	0
3170	Najas flexilis	5	6	4	12	8	5	0
3171	Najas marina	5	6	4	12	9	6	1
3172	Najas marina intermedia	7	6	4	12	9	4	0
3173	Najas minor	6	7	4	12	8	4	0
3174	Nardus stricta	8	-1	3	-1	2	2
3175	Nasturtium microphyllum
3176	Nasturtium officinalis	7	-1	3	10	7	7	0
3177	Nuphar lutea	8	6	4	11	7	6	0
3178	Nuphar pumila	8	4	7	11	4	2	0
3179	Nymphaea alba	8	6	3	11	7	5	0
3180	Nymphaea alba minor
3181	Nymphaea candida	8	6	6	11	4	4	0
3182	Nymphoides peltata	8	7	5	11	8	7	0
3183	Oenanthe aquatica	7	6	5	10	7	6	0
3184	Oenanthe conioides	7	6	3	10	7	8	2
3185	Orchis palustris	9	6	5	9	8	2	1
3187	Parnassia palustris	8	-1	-1	8	7	2
3188	Pellia epiphylla	-1	4	5	8	5
3189	Peucedanum palustre	7	6	6	9	-1	4
3190	Phalaris arundinacea	7	5	-1	9	7	7
3191	Philonotis calcarea	8	2	5	7	8
3192	Philonotis fontana	8	-1	57	2
3193	Philonotis seriata	8	1	6	7	2
3194	Phragmites australis	7	5	-1	10	7	-1
3195	Physcomitrella patens
3198	Pinus sylvestris sylvestris	7	-1	7	-1	-1	-1
3199	Plantago major	8	-1	-1	5	-1	6
3200	Poa annua	7	-1	5	6	-1	8	1
3201	Poa palustris	7	5	5	8	8	7
3203	Pohlia wahlenbergii	6	-1	5	7	6
3204	Polygonum amphibium	7	6	-1	11	6	4
3205	Polygonum aquaticum
3206	Polygonum bistorta	7	4	7	7	5	5
3207	Polygonum hydropiper	7	6	-1	8	5	8
3208	Polytrichum strictum	8	2	6	6	1
3209	Potamogeton acutifolius	7	6	4	11	5	6	0
3210	Potamogeton alpinus	7	4	-1	12	6	6	0
3211	Potamogeton berchtoldii	6	5	5	12	6	-1	1
3212	Potamogeton coloratus	8	6	3	11	8	8	0
3213	Potamogeton crispus	6	5	3	12	7	5	1
3214	Potamogeton filiformis	8	4	5	12	4	3	0
3215	Potamogeton friesii	5	6	5	11	7	6	0
3216	Potamogeton gramineus	8	4	-1	12	5	5	0
3217	Potamogeton lucens	6	6	4	12	6	7	0
3218	Potamogeton mucronatus	5	6	5	11	7	6	0
3219	Potamogeton natans	6	5	5	11	7	5	0
3220	Potamogeton nitens	7	5	2	12	7	5	0
3221	Potamogeton obtusifolius	6	6	3	12	6	6	0
3222	Potamogeton panormitanus
3223	Potamogeton pectinatus	6	-1	5	12	8	8	1
3224	Potamogeton perfoliatus	6	-1	-1	12	8	8	1
3225	Potamogeton praelongus	8	4	5	12	8	4	0
3226	Potamogeton pusillus	6	5	5	12	6	-1	1
3227	Potamogeton trichoides	8	6	5	11	5	4	0
3228	Potentilla anserina	7	6	-1	6	-1	7	1
3229	Potentilla erecta	6	-1	3	-1	-1	2
3230	Potentilla reptans	6	3	3	6	7	5
3231	Primula farinosa
3232	Ranunculus aquatilis	7	5	2	11	6	6	0
3233	Ranunculus baudotii	8	6	-1	10	9	7	6
3234	Ranunculus circinatus	6	6	5	12	7	8	1
3235	Ranunculus fluitans	8	6	2	12	-1	8	0
3236	Ranunculus hederaceus	8	5	1	9	3	-1	0
3237	Ranunculus lingua	7	-1	-1	10	6	7
3238	Ranunculus peltatus	6	6	3	12	5	6	0
3239	Ranunculus repens	6	-1	-1	7	-1	-1	1
3240	Ranunculus reptans	6	-1	-1	7	-1	7	1
3241	Ranunculus trichophyllus
3242	Rhynchostegium riparioides	-1	3	5	8	6
3243	Riccia cavernosa	9	6	5	8	6
3244	Riccia fluitans	-1	9	5	9	4
3245	Riccia rhenana	7	9	5	9	6
3246	Ricciocarpus natans	9	6	5	8	6
3247	Rorippa amphibia	7	6	7	10	7	8
3248	Rumex crispus	7	5	3	7	-1	5
3249	Rumex hydrolapathum	7	6	3	10	7	7
3250	Ruppia cirrhosa		6		12	8		9
3251	Ruppia maritima	-1	6	8	10	8		9
3252	Sagittaria sagittifolia	7	6	4	10	7	6	0
3253	Salicornia europaea	9	6	-1	8	8	4	9
3254	Salix cinerea	7	-1	5	9	5	4
3255	Salix purpurea	8	5	4	-1	8	-1
3256	Salvinia natans
3257	Samolus valerandi	8	6	3	8	7	5	4
3258	Saxifraga mutata
3259	Scapania paludosa	8	2	6	8	4
3260	Scapania undulata	-1	3	5	9	5
3261	Schistidium rivulare	-1	2	6	8	6
3262	Scirpidiella fluitans	8	6	2	10	3	2	0
3263	Scirpus lacustris	8	6	3	11	7	6	1
3264	Scirpus maritimus
3265	Scorpidium scorpidioides
3266	Scrophularia umbrosa	7	6	5	9	8	7	0
3267	Scutellaria galericulata	7	6	5	9	7	6
3268	Sedum villosum
3269	Sesleria albicans varia	7	3	2	4	9	3
3270	Sparganium angustifolium	8	-1	3	11	3	1	0
3271	Sparganium emersum	7	6	3	10	6	7	0
3272	Sparganium erectum	7	6	5	10	7	7	0
3273	Sparganium minimum	7	5	5	11	5	3	0
3274	Sparganium neglectum
3275	Sparganium simplex	7	6	5	10	7	7	0
3276	Sphagnum fallax	7	3	6	7	2
3277	Sphagnum imbricatum	7	3	4	7	1
3278	Sphagnum magellanicum	9	3	6	6	1
3279	Sphagnum palustre	6	4	6	6	2
3280	Sphagnum recurvum	7	3	6	7	2
3281	Spiranthes aestivalis	9	5	3	8	8	2	0
3282	Spirodela polyrrhiza	7	6	5	11	6	6	1
3283	Stellaria alsine	5	4	3	8	4	4
3284	Stellaria palustris	5	5	7	9	4	2
3285	Stratiotes aloides	7	6	5	11	8	6	0
3286	Subularia aquatica	8	4	3	10	2	1	0
3287	Symphytum officinale	7	6	3	7	-1	8	0
3288	Tofieldia pusilla	8	2		8	7	1	0
3289	Trapa natans	8	7	5	11	6	8	0
3290	Typha angustifolia	8	7	5	10	7	7	1
3291	Typha latifolia	8	6	5	10	7	8	1
3292	Urtica dioica	-1	-1	-1	6	7	8
3293	Utricularia australis	9	6	2	12	5	3	0
3294	Utricularia intermedia	8	6	-1	12	8	1	0
3295	Utricularia minor	8	6	-1	12	6	2	0
3296	Utricularia ochroleuca	7	6	2	12	3	1	0
3297	Utricularia vulgaris	7	6	-1	12	5	4	0
3298	Vaccinium oxycoccos	7	5	3	9	-1	1
3299	Veronica anagallis-aquatica	7	6	3	9	-1	6	0
3300	Viola palustris	6	-1	3	9	2	3
3301	Wolffia arrhiza	7	6	5	11	7	6	0
3302	Zannichellia palustris	6	6	5	12	8	8
3303	Zannichellia palustris pedicellata	6	6	5	12	8	8
3304	Zostera marina		6	2	12	7	6	8
3305	Zostera noltii	7	6	2	12	7	5	8
3306	Eupatorium cannabinum	7	5	3	7	7	8
3307	Crepis paludosa	7	-1	3	8	8	6
3308	Atriplex hastata	8	6	-1	6	-1	9
3309	Bazzania trilobata	5	4	6	6	2
3310	Cetraria islandica	8	-1	6	5	-1	1		1
3311	Betula pubescens	7	-1	-1	8	3	3
3312	Vaccinium myrtillus	5	-1	5	-1	2	3
3313	Leucobryum glaucum	5	3	4	7	1
3314	Vaccinium vitis-idaea	5	-1	5	4	2	1
3315	Empetrum nigrum	7	-1	3	6	-1	2
3316	Sphagnum capillifolium	-1	3	5	7	2
3317	Cladonia arbuscula	8	-1	6	-1	-1	1		1
3318	Cladonia rangiferina	6	4	6	5	-1	1		1
3319	Vaccinium uliginosum	6	-1	5	-1	1	3
3320	Sphagnum russowii	6	2	6	6	2
3321	Pinus mugo rotundata	8	3	5	8	2	2
3322	Arabis jacquinii
3323	Arabis soyeri
3324	Drepanocladus fluitans	-1	-1	6	8	1
3325	Isoetis echinospora	7	3	3	12	6	1	0
3327	Schoenus ferrugineus	9	4	4	8	7	2	0
3328	Sphagnum rubellum	9	3	5	7	1
3329	Sphagnum girgensohnii	4	2	6	7	1
3330	Lycopodium annotinum	3	4	3	6	3	3
3331	Picea abies	5	3	6	-1	-1	-1
3332	Fucus vesiculosus
3333	Ceramium rubrum
3334	Enteromorpha intestinalis
3335	Cladophora glomerata
3336	Chara aspera
3337	Chara fragilis
3338	Cladophora rupestris
3339	Chara ceratophylla
3340	Hildenbrandia rivularis
3341	Achnanthes biasolettiana
3342	Amphora pediculus
3343	Gomphonema pumilum
3344	Gomphonema tergestinum
3345	Achnanthes minutissima
3346	Gomphonema angustum
3347	Nitella capillaris
3348	Nitella gracilis
3349	Nitella translucens
3350	Nitella flexilis
3351	Nitella mucronata
3352	Nitella opaca
3353	Chara braunii
3354	Vaucheria dichotoma
3355	Tolypella prolifera
3356	Nitella syncarpa
3357	Chara hispida
3358	Nitella tenuissima
3359	Chara vulgaris
3360	Cymbella microcephala
3361	Tolypella glomerata
3362	Chara contraria
3363	Chara aculeolata
3364	Cocconeis placentula
3365	Cymbella silesiaca
3366	Cymbella sinuata
3367	Denticula tenuis
3368	Gomphonema olivaceum
3369	Nitellopsis obtusa
3370	Nitella hyalina
3371	Chara strigosa
3372	Chara tomentosa
3373	Tolypella intricata
3374	Chara canescens
3375	Chara baltica
3376	Isolepis fluitans	8	6	2	10	3	2	0
3377	Cladonia alcicornis
3378	Carex digitata	3	-1	4	5	-1	4
3379	Eleocharis ovata	8	6	4	8	-1	5	0
3380	Nitzschia fonticola
3381	Navicula cryptotenella
3382	Pedicularis sylvatica	7	5	2	8	1	2
3383	Ranunculus glacialis	8	2	3	5	6	4
3384	Pilularia globulifera	8	6	2	9	4	2	0
5001	Angelica palustris	7	6	6	8	-1	-1
5002	Apium repens	9	6	3	7	7	7	1
5003	Botrychium simplex	6	4	4	5	1	2
5004	Cypripedium calceolus	5	5	5	4	8	4
5005	Diphasiastrum alpinum	8	3	3	5	2	2
5006	Diphasiastrum complanatum	6	4	7	4	1	2
5007	Diphasiastrum issleri	9	5	5	5	1	1
5008	Diphasiastrum oellgaardii
5009	Diphasiastrum tristachyum	8	6	5	5	1	1
5010	Diphasiastrum zeilleri	7	6	-1	4	1	2
5011	Galanthus nivalis	5	6	4	6	7	7
5012	Jurinea cyanoides	7	8	6	2	7	2
5013	Lycopodium clavatum	8	4	3	4	2	2
5014	Pulsatilla patens	6	6	5	4	6	2
5015	Saxifraga hirculus	9	5	7	9	4	2
5016	Thesium ebracteatum	7	6	6	4	2	2
5017	Trichomanes speciosum
5018	Bruchia vogesiaca	7	7	3	7	1
5019	Hamatocaulis lapponicus	8	-1	5	8	7
5020	Hamatocaulis vernicosus	8	2	6	7	5
5021	Mannia triandra	6	2	7	6	9
5022	Meesia longiseta	9	3	7	8	8
5023	Scapania carinthiaca	5	3	7	7	3
5024	Sphagnum compactum	8	3	6	7	2
5025	Sphagnum molle	8	5	4	6	2
5026	Sphagnum obtusum	9	2	6	8	2	-1
5027	Sphagnum papillosum	9	2	4	6	1	-1
5028	Sphagnum fuscum	9	2	7	6	1	-1
5029	Cladonia ciliata	7	6	3	-1	-1	2
5030	Cladina portentosa	7	6	3	-1	-1	-1
5031	Cladonia stellaris	8	2	6	8	2	1
5032	Cladonia stygia	8	2	6	8	2	1
5033	Cladonia mitis	9	-1	7	-1	-1	1
5034	Cladonia cervicornis verticillata	8	4	6	-1	3	2
5035	Vicia sylvatica	7	-1	4	4	8	-1
5036	Taxus baccata	4	5	2	5	7	-1
5037	Betula nana	8	3	6	9	1	2
5038	Buxus sempervirens	5	8	2	4	8	4
5039	Calla palustris	6	6	6	9	6	4
5040	Leucojum vernum	6	5	4	6	7	8
5056	Crocus napolitanus
5057	Myosotis rehsteineri	6	4	10	9	2				9
5058	Gentiana bohemica	4	4	4	5	2				8
5059	Distichiphyllum carinatum	5	7	8	8					4
5060	Pulsatilla vulgaris grandis	6		3	9	1				9
5061	Dicranum viride	5	7	5	7					5
5062	Buxbaumia viridis	4	6	6	5					2
5063	Dichelyma capillaceum	6	7	6						7
5064	Notothylas orbicularis
5065	Orthotrichum rogeri	7	3	6	4
5066	Tayloria rudolphiana	8	7	3	2	5	1
5067	Bromus grossus	6	7	4	5	7
5068	Gladiolus palustris	8	6	4	6	8	2
5069	Artemisia laciniata
